-- phpMyAdmin SQL Dump
-- version 3.5.2.2
-- http://www.phpmyadmin.net
--
-- Värd: 127.0.0.1
-- Skapad: 19 jun 2013 kl 23:49
-- Serverversion: 5.5.27
-- PHP-version: 5.4.7

SET SQL_MODE="NO_AUTO_VALUE_ON_ZERO";
SET time_zone = "+00:00";


/*!40101 SET @OLD_CHARACTER_SET_CLIENT=@@CHARACTER_SET_CLIENT */;
/*!40101 SET @OLD_CHARACTER_SET_RESULTS=@@CHARACTER_SET_RESULTS */;
/*!40101 SET @OLD_COLLATION_CONNECTION=@@COLLATION_CONNECTION */;
/*!40101 SET NAMES utf8 */;

--
-- Databas: `company_1`
--
CREATE DATABASE `company_1` DEFAULT CHARACTER SET latin1 COLLATE latin1_swedish_ci;
USE `company_1`;

-- --------------------------------------------------------

--
-- Tabellstruktur `businesses`
--

CREATE TABLE IF NOT EXISTS `businesses` (
  `business_id` int(11) NOT NULL AUTO_INCREMENT,
  `business_secret` varchar(10) NOT NULL,
  `business` text NOT NULL,
  `custom_field_1` text,
  `custom_field_2` text,
  `custom_field_3` text,
  `company_name` text NOT NULL,
  `company_adress` text,
  `company_box` text,
  `company_zip_code` text,
  `company_city` text,
  `company_country` text,
  `company_phone` text,
  `company_mail` text,
  `company_site` text,
  `company_bank` text,
  `company_orgnr` text,
  `company_color` varchar(6) NOT NULL DEFAULT '000000',
  `invoice_prefix` text,
  `confirmation_mail` text,
  `invoice_detail` text,
  `company_reference` text NOT NULL,
  `invoice_mail_title` text NOT NULL,
  `invoice_mail_content` text NOT NULL,
  `invoice_due` int(10) NOT NULL DEFAULT '0',
  UNIQUE KEY `type_id` (`business_id`),
  KEY `business_secret` (`business_secret`)
) ENGINE=MyISAM  DEFAULT CHARSET=latin1 AUTO_INCREMENT=10 ;

--
-- Dumpning av Data i tabell `businesses`
--

INSERT INTO `businesses` (`business_id`, `business_secret`, `business`, `custom_field_1`, `custom_field_2`, `custom_field_3`, `company_name`, `company_adress`, `company_box`, `company_zip_code`, `company_city`, `company_country`, `company_phone`, `company_mail`, `company_site`, `company_bank`, `company_orgnr`, `company_color`, `invoice_prefix`, `confirmation_mail`, `invoice_detail`, `company_reference`, `invoice_mail_title`, `invoice_mail_content`, `invoice_due`) VALUES
(1, '54y645cfy4', 'Svensk kr&auml;fta', '', '', '', 'MaRob Aktiviteter AB', 'Klockarbol 1', '', '643 93', 'Ving&aring;ker', 'Sverige', '08-723 10 00', 'info@svenskkrafta.se', 'www.svenskkrafta.se', '428-8650', '556780-4835', 'ba0404', 'sk', '', '', 'Marcus R&ouml;nnqvist', 'Svensk Kr&auml;fta', 'Svenska kr&auml;ftor', 10),
(2, '452fg6h345', 'Torggran', '', '', '', 'MaRob Aktiviteter AB', 'Klockarbol', '', '64393', 'Ving&aring;ker', 'Sverige', '0702-175089', 'info@torggran.se', 'www.torggran.se', '428-8650', '556780-4835', '214232', 'tg', '', '', 'Marcus R&ouml;nnqvist', 'Torggran', 'Tack f&ouml;r att ni har valt Torggran ', 10),
(3, '43g5345hj3', 'Vallaservice', 'Lopp', 'Inl&auml;mningsort', '', 'MaRob Aktiviteter AB', 'Klockarbol', '', '64393', 'Ving&aring;ker', 'Sverige', '0704-472007', 'info@vallaservice.se', 'www.vallaservice.se', '428-8650', '556780-4835', '000000', 'vs', '', 'Ange faktura nr. vid betalning', 'Rasmus Meck', 'Faktura titel', 'lite text\r\n\r\n&lt;invoice&gt; &lt;-- ger upphov till en l&auml;nk till fakturan\r\n\r\nlite mer text', 10),
(6, 'x2s4f5zig1', 'Tornbyggarna', '', '', '', 'Marob Aktiviteter AB', 'Klockarbol 1', '', '643 93', 'Ving&aring;ker', '', '0702-175089', 'info@tornbyggarna.se', 'www.tornbyggarna.se', '428-8650', '556780-4835', '18782d', 'tb', '', '', 'Marcus R&ouml;nnqvist', 'Tornbyggarna faktura', '&lt;invoice&gt;', 10),
(7, 'djx39dz04u', 'Marob Aktiviteter AB', '', '', '', 'Marob Aktiviteter AB', 'Klockarbol 1', '', '643 93 ', 'Ving&aring;ker', '', '0704-472007', 'info@marob.se', 'www.marob.se', '428-8650', '556780-4835', '000000', 'mr', '', '', 'Rasmus Meck', 'Faktura Marob aktiviteter AB', 'Tack f&ouml;r att ni anv&auml;nt er av Marob Aktiviteter AB', 10),
(8, 'ejwpd0qeh5', 'Prenadservice', '', '', '', 'Marob Aktiviteter AB', 'Klockarbol 1', '', '643 93', 'Ving&aring;ker', '', '0704-472007', 'info@prenadservice.se', 'www.prenadservice.se', '428-8650', '556780-4835', '000000', 'ps', '', NULL, '', '', '', 10),
(9, '6tjmj8if32', 'test', '', '', '', '', '', '', '', '', '', '', '', '', '', '', '000000', '', '', '', '1', 'ert', 'tre', 20);

-- --------------------------------------------------------

--
-- Tabellstruktur `crs`
--

CREATE TABLE IF NOT EXISTS `crs` (
  `crs_id` int(11) NOT NULL AUTO_INCREMENT,
  `crs_secret` varchar(10) NOT NULL,
  `customer` int(11) NOT NULL,
  `status` varchar(20) DEFAULT NULL,
  `date` int(11) DEFAULT NULL,
  `task` text,
  `business` int(11) NOT NULL,
  PRIMARY KEY (`crs_id`),
  KEY `customer` (`customer`,`date`),
  KEY `crs_secret` (`crs_secret`)
) ENGINE=InnoDB  DEFAULT CHARSET=latin1 AUTO_INCREMENT=2 ;

--
-- Dumpning av Data i tabell `crs`
--

INSERT INTO `crs` (`crs_id`, `crs_secret`, `customer`, `status`, `date`, `task`, `business`) VALUES
(1, 'gwe952ry3p', 44, 'active', 1371420000, 'hsdfhg', 3);

-- --------------------------------------------------------

--
-- Tabellstruktur `customers`
--

CREATE TABLE IF NOT EXISTS `customers` (
  `customer_id` int(11) NOT NULL AUTO_INCREMENT,
  `customer_secret` varchar(200) DEFAULT NULL,
  `business` int(10) NOT NULL,
  `registered` varchar(10) NOT NULL,
  `name` varchar(50) NOT NULL,
  `type` varchar(20) DEFAULT 'private',
  `mail` varchar(50) NOT NULL,
  `phone` varchar(30) NOT NULL,
  `customer_adress` text,
  `box` text,
  `zip_code` text,
  `city` text,
  `country` text,
  `notes` text,
  `reference` text,
  PRIMARY KEY (`customer_id`),
  KEY `registered` (`registered`),
  KEY `customer_secret` (`customer_secret`)
) ENGINE=MyISAM  DEFAULT CHARSET=latin1 AUTO_INCREMENT=317 ;

--
-- Dumpning av Data i tabell `customers`
--

INSERT INTO `customers` (`customer_id`, `customer_secret`, `business`, `registered`, `name`, `type`, `mail`, `phone`, `customer_adress`, `box`, `zip_code`, `city`, `country`, `notes`, `reference`) VALUES
(5, '390e654a0eb1ef40a6ad8e2399673d5a', 3, 'true', 'Tommy Blomgren', 'private', 'tommy@dryg.net', '0706287584', 'Drottninggatan 18', '', '63220', 'Eskilstuna', '', '', NULL),
(2, '52476b10bc699ab0684d9c2ab9a55f5d', 3, 'true', 'Magnus Klingwall', 'private', 'magnus_09@hotmail.com', '0703872344', '&Aring;s&ouml;gatan 154a', '', '11632', 'Stockholm', '', '', NULL),
(10, '6efe7817690293c539e61716ab7a90fa', 3, 'true', 'Per &Aring;kerlund', 'private', 'per.akerlund@comfirst.se', '0703-446329', 'sl&aring;tterv&auml;gen 32', '', '135 42', 'Tyres&ouml;', '', '', NULL),
(30, '4297f44b13955235245b2497399d7a93', 3, 'true', 'Max Lagerstedet', 'private', 'Max.lagerstedt@gmail.com', '0708487755', 'F&auml;ltmarskalksv&auml;gen 41', '', '16732', 'Bromma', '', '', NULL),
(24, '554afa33ff4b56a500c5abba1878c737', 3, 'true', 'Mikael Nordlund', 'private', 'mikael.nordlund@mil.se', '0703-323111', 'hattmakaregatan 19', '', '45144', 'uddevalla', '', '', NULL),
(15, '03ab5e212e41f37012f71870f782a80f', 3, 'true', 'Niclas Drottler', 'private', 'niclas@saltech.se', '0739850188', 'Tibastv&auml;gen 30', '', '13835', '&Auml;lta', '', '', NULL),
(27, '65dfbabfcda47125b6e35c31e6565d5b', 3, 'true', 'Mattias Forsberg', 'private', 'mattiasforsberg72@hotmail.com', '070-6192880', 'Sl&auml;ndstigen 24', '', '19138', 'Sollentuna', '', '', NULL),
(28, '1bf0b10e5950be8b5b024e300639cece', 3, 'true', 'Rikard Jareholm', 'private', 'rikard.jareholm@expandia.se', '0725-363909', 'T&auml;rnaby 109', '', '73393', 'Sala', '', '', NULL),
(31, '14b5531af292d9d3cb9f5150255e0a9c', 3, 'true', 'Daniel Olsson', 'private', 'daniel.olsson88@hotmail.com', '0730834121', 'K&ouml;rsb&auml;rsstigen 6', '', '590 19', 'Mantorp', '', '', NULL),
(32, 'b20bd296c81f2011a1462d7b2dc36ecc', 3, 'true', 'PerJonsson', 'private', 'pertan6@telia.com', '0702826005', 'Toftesta', '', '18697', 'Brottby', '', '', NULL),
(34, 'b1c5f8f13ee4655aa6407ac4bf45c082', 3, 'true', 'Mats anderss', 'private', 'mats@malerihantverkarna.se', '0709-102210', 'Tj&auml;dergatan 78', '', '58239', 'Link&ouml;ping', '', '', NULL),
(35, 'e2d45d57c7e2941b65c6ccd64af4223e', 3, 'true', 'Fredrik Norman', 'private', 'fredrik.norman@saneringscompaniet.se', '040-6302579', 'Kompanistr&auml;tet 5', '', '239 40', 'Falsterbo', '', '', NULL),
(36, 'ee4c5ff9d021b6960096811da0292006', 3, 'true', 'Per Crantz', 'private', 'per.crantz@sodra.com', '0761353032', 'Hallandsgatan 49', '', '38231', 'Nybro', '', '', NULL),
(44, 'e35cf7b66449df565f93c607d5a81d09', 3, 'true', 'Christer Valdebring', 'private', 'Christer@waldebringsbygg.se', '0702018700', 'Vans&ouml; Roteby 7', '', '64592', 'Str&auml;ngn&auml;s', '', '', NULL),
(41, '617c5b80cfbc136f861caf72850a2bc4', 3, 'true', 'Roger Leirvik', 'private', 'roger.leirvik@telia.com', '0709-548694', 'G&ouml;teborg', '', '41269', 'G&ouml;teborg', '', '', NULL),
(45, 'e0c9d1786ae192c26f36a61da8812fb3', 3, 'true', 'Jan Wikst&eacute;n', 'private', 'jan.wiksten@cgm.com', '0707751167', 'Grindstigen 2', '', '14945', 'Nyn&auml;shamn', '', '', NULL),
(46, 'c863334784a4552ae3631b5b3a27bcb6', 3, 'true', 'P&auml;r Helgesson', 'private', 'per-helgesson@telia.com', '070-6299392', 'Backv&auml;gen 93', '', '13757', 'Tungelsta', '', '', NULL),
(47, 'afbf909444c5472e5b0bf0b617af3c0e', 3, 'true', '&Ouml;rjan Nordberg', 'private', 'onordberg@perten.com', '070-2228012', 'Augustendalsv 20', '', '61991', 'Trosa', '', '', NULL),
(65, NULL, 3, 'false', 'Johan Lundberg', NULL, 'johan.lundberg@labkyl.se', '070-6299395', 'Teknikv&auml;gen 81', NULL, '17675', 'J&auml;rf&auml;lla', NULL, NULL, NULL),
(67, NULL, 3, 'false', 'Henrik Eklund', NULL, 'henrik_eklund@hotmail.com', '070-6212305', 'Gottvallen 5', NULL, '740 20', 'V&auml;nge', NULL, NULL, NULL),
(103, NULL, 3, 'false', 'Anna Madsen', NULL, 'anna@madsens.se', '0730636305', 'R&auml;fsv&auml;gen 10', NULL, '18433', '&Aring;kersberga', NULL, NULL, NULL),
(104, NULL, 3, 'false', 'Martin Kullman', NULL, 'martin@famkullma.se', '0701-772205', '&Auml;ppelgatan 14', NULL, '57237', 'Oskarshamn', NULL, NULL, NULL),
(52, '062c148454b0db6e5a29547c0220a83e', 3, 'true', 'Agneta nederfors', 'private', 'agnetanederfors@yahoo.se', '070-3949218', 'Blomkvists v&auml;g 5', '', '386 92', 'F&auml;rjestaden', '', '', NULL),
(69, NULL, 3, 'false', 'Jesper Rundeberg', NULL, 'jesper.rundeberg@polisen.se', '0708-90 65 22', 'Eldstigen 14', NULL, '148 71', 'SORUNDA', NULL, NULL, NULL),
(70, NULL, 3, 'false', 'Karin Larsson', NULL, 'karin_kl_larsson@hotmail.com', '0730654702', 'Gamla strandgatan 41a', NULL, '45331', 'Lysekil', NULL, NULL, NULL),
(71, NULL, 3, 'false', 'Thomas Johansson', NULL, 'thomas.johansson@nordenmachinery.se', '070-3120153', 'Eklyckegatan 9', NULL, '39247', 'Kalmar', NULL, NULL, NULL),
(72, NULL, 3, 'false', 'Michael Bergfors', NULL, 'm.bergfors@hotmail.com', '0709-446658', 'Ekbackestigen 14', NULL, '15295', 'S&ouml;dert&auml;lje', NULL, NULL, NULL),
(73, NULL, 3, 'false', 'Joakim Rundeberg', NULL, 'j.rundeberg@gmail.com', '0702991260', 'Per Albin Hanssons v&auml;g 16', NULL, '21432', 'Malm&ouml;', NULL, NULL, NULL),
(74, NULL, 3, 'false', 'Per Helgesson', NULL, 'par.helgesson@fortifikationsverket.se', '076-12 63 445', NULL, NULL, NULL, NULL, NULL, NULL, NULL),
(76, NULL, 3, 'false', 'Anders Nyman', NULL, 'nymanuppsala@spray.se', '073-3784619', 'G&auml;vlev&auml;gen 99', NULL, '75593', 'Uppsala', NULL, NULL, NULL),
(91, NULL, 3, 'false', 'Gunilla s&ouml;derstr&ouml;m', NULL, 'gunilla.soderstrom@gmail.com', '0704633850', 'Tegnerlunden 7', NULL, '111 61', 'Stockholm', NULL, NULL, NULL),
(78, NULL, 3, 'false', 'G&ouml;ran Bergsj&ouml;', NULL, 'goran.bergsjo@ragnsells.se', '070-9272328', '&Ouml;stanvindsgatan 8', NULL, '652 21', 'KARLSTAD', NULL, NULL, NULL),
(85, NULL, 3, 'false', 'Larsinge Axelsson', NULL, 'larsinge.axelsson@telia.com', '070-9389909', 'Dragsgatan 5', NULL, '60219', 'Norrk&ouml;ping', NULL, NULL, NULL),
(86, NULL, 3, 'false', 'LINDA SVENSSON', NULL, 'lindalarsson76@telia.com', '0708-281203', 'HAGMARKSV&Auml;GEN 4', NULL, '448 33', 'FLODA', NULL, NULL, NULL),
(87, NULL, 3, 'false', 'Leif Jacobsson', NULL, 'leif@screenteknik.se', '0708-147520', 'Axelsv&auml;g 19', NULL, '59731', '&Aring;tv&iacute;daberg', NULL, NULL, NULL),
(88, NULL, 3, 'false', 'Ninnie Fr&aring;nberg', NULL, 'ninnie.franberg@harnosand.se', '0702989453', 'Furuv&auml;gen 82', NULL, '87152', 'H&auml;rn&ouml;sand', NULL, NULL, NULL),
(89, NULL, 3, 'false', 'Susanne Boj&ouml;', NULL, 'suec@spray.se', '0737303146', 'Heleneborgsgatan 5a', NULL, '11731', 'Stockholm', NULL, NULL, NULL),
(90, NULL, 3, 'false', 'Tuula Lindegren', NULL, 'tuula.lindegren@telia.com', '0730482269', 'Inedalsgatan 6', NULL, '112 33', 'Stockholm', NULL, NULL, NULL),
(111, NULL, 3, 'false', 'Peter Ek', NULL, 'peter.ek@hm.com', '0721667300', 'Eksh&auml;radsgatan 91', NULL, '12346', 'Farsta', NULL, NULL, NULL),
(110, NULL, 3, 'false', 'kenneth bokne', NULL, 'kenneth.bokne@gmail.com', '0733847105', 'Turabyggev&auml;gen 70', NULL, '28633', '&Ouml;rkeljunga', NULL, NULL, NULL),
(108, NULL, 3, 'false', 'Lars Tidbeck', NULL, 'lars_tidbeck@yahoo.com', '0733990005', 'Fridhemsgatan 6', NULL, '11240', 'Stockholm', NULL, NULL, NULL),
(107, NULL, 3, 'false', 'David Norrbohm', NULL, 'david@mrf.se', '0708-670615', 'Tranv&auml;gen 13', NULL, '182 47', 'Enebyberg', NULL, NULL, NULL),
(106, NULL, 3, 'false', 'Franz Peter Kogler', NULL, 'peter.kogler@gmail.com', '0727104389', 's&aring;ngarev&auml;gen 6D', NULL, '22471', 'Lund', NULL, NULL, NULL),
(105, NULL, 3, 'false', 'Martin Moche', NULL, 'Martin.Moche@ki.se', '073-3229327', 'Fannydalsplat&aring;n 64', NULL, '13141', 'Nacka', NULL, NULL, NULL),
(102, NULL, 3, 'false', 'Fredrik Apelqvist', NULL, 'fredrik.apelqvist@gmail.com', '0735024189', 'Sergelsv&auml;g 9b', NULL, '21757', 'Malm&ouml;', NULL, NULL, NULL),
(112, '6da4839e9e622b30cfe6c521d5839301', 3, 'false', 'Patrik Joelsson', NULL, 'pjoelsson@gmail.com', '0709209094', 'Bl&aring;klintsv&auml;gen 12', NULL, '74637', 'B&aring;lsta', NULL, NULL, NULL),
(113, NULL, 3, 'false', 'Hanna Elfverson', NULL, 'ehanna@student.chalmers.se', '0702539334', 'Liljeforsgatan 38', NULL, '41261', 'G&ouml;teborg', NULL, NULL, NULL),
(114, NULL, 3, 'false', 'Madeleine Dahlin', NULL, 'madeleine.dahlin@hotmail.com', '070-3477383', 'G&aring;rdtj&auml;rn 121', NULL, '86025', 'Kovland', NULL, NULL, NULL),
(115, NULL, 3, 'false', 'Malin Hermansson', NULL, 'malin_hermansson@telia.com', '0734266069', 'Stafettgatan 1', NULL, '53152', 'Lidk&ouml;ping', NULL, NULL, NULL),
(116, NULL, 3, 'false', 'Anders Angeling', NULL, 'anders.angeling@gmail.com', '0703073336', 'Rasholmsv&auml;gen 28A', NULL, '63532', 'Kvicksund', NULL, NULL, NULL),
(124, NULL, 3, 'false', 'Krister Bergkvist', NULL, 'krister.bergkvist@saabgroup.com', '0734463379', 'V&auml;rmlandsv&auml;gen 50', NULL, '69137', 'Karlskoga', NULL, NULL, NULL),
(123, NULL, 3, 'false', 'Anders Sandin', NULL, 'anders.sandin@oviknet.com', '070-6801277', '.', NULL, '.', '.', NULL, NULL, NULL),
(122, NULL, 3, 'false', 'Fredrik Agardh', NULL, 'fagardh@gmail.com', '0761312597', 'Ulvsunda slottsv&auml;g 21', NULL, '16733', 'Bromma', NULL, NULL, NULL),
(125, NULL, 3, 'false', 'Linda Fredriksson', NULL, 'Linda.Fredriksson@goteborgenergi.se', '0708-49 47 67', 'F&aring;gelstensv&auml;gen 204', NULL, '437 40', 'Lindome', NULL, NULL, NULL),
(126, NULL, 3, 'false', 'Lisa Johansson', NULL, 'lisa.johansson@apoteksgruppen.se', '0722288010', 'Narvav&auml;gen 33 1tr &ouml;g', NULL, '11460', 'Stockholm', NULL, NULL, NULL),
(127, NULL, 3, 'false', 'Anders Zakrisson', NULL, 'andzakr@gmail.com', '0735412433', 'T&auml;rnaby Str&ouml;msberg 105', NULL, '73393', 'SALA', NULL, NULL, NULL),
(128, NULL, 3, 'false', 'Thomas Sj&ouml;berg', NULL, 'thomas.sjoberg@vinge.se', '070 7143183', '&Ouml;rnbogatan 32', NULL, '167 66', 'Bromma', NULL, NULL, NULL),
(129, NULL, 3, 'false', 'Arne Martin Huseby', NULL, 'am.huseby@eurojuris.no', '+47 900 53 562', 'Postboks 294 Bragernes', NULL, 'N-3001', 'Drammen', NULL, NULL, NULL),
(130, NULL, 3, 'false', 'Josefine Ekstr&ouml;m', NULL, 'Ekstromjosefine@hotmail.com', '0708863575', 'Hammars Badv&auml;g 11', NULL, '421 67', 'V&auml;stra Fr&ouml;lunda', NULL, NULL, NULL),
(131, NULL, 3, 'false', '&Ouml;rjan Rosvall', NULL, 'orjan.rosvall@stockholmshem.se', '076-1239457', 'Lindv&auml;gen 13', NULL, '19270', 'Sollentuna', NULL, NULL, NULL),
(132, NULL, 3, 'false', 'Therese Bodin', NULL, 'therese.bodin@live.se', '0708 837822', 'Fleminggatan 109', NULL, '11245', 'Stockholm', NULL, NULL, NULL),
(133, NULL, 3, 'false', 'Lars Carlsson Falk', NULL, 'lars.carlsson@lantmannen.com', '0703889125', 'Vinb&auml;cksv&auml;gen28', NULL, '45732', 'Tanumshede', NULL, NULL, NULL),
(134, NULL, 3, 'false', 'Lotta Jakobsson', NULL, 'lottasalomonsson@msn.com', '070-190 11 75', 'Str&ouml;mgatan 47', NULL, '85643', 'sundsvall', NULL, NULL, NULL),
(135, NULL, 3, 'false', 'Maria Jerhamre Engstr&ouml;m', NULL, 'Maria.JerhamreEngstrom@lansforsakringar.se', '073-9640979', '1', NULL, '1', '1', NULL, NULL, NULL),
(136, NULL, 3, 'false', 'Anton Hermansson', NULL, 'camilla.hermansson@glocalnet.net', '073-5959808', 'Hagenv&auml;gen 6', NULL, '760 40', 'V&auml;dd&ouml;', NULL, NULL, NULL),
(137, NULL, 3, 'false', 'Malin', NULL, 'malin.widmark@stadium.se', 'Widmark', 'Apelgatan 17 A', NULL, '60215', 'Norrk&ouml;ping', NULL, NULL, NULL),
(138, NULL, 3, 'false', 'Thomas Estrin', NULL, 'thomasestrin@yahoo.com', '0739604466', 'Onrn&ouml;v&auml;gen 10', NULL, '13232', 'Saltsj&ouml;-Boo', NULL, NULL, NULL),
(139, NULL, 3, 'false', 'Peter Brundin', NULL, 'pbrundin@b.kth.se', '0733462403', 'Sankt G&ouml;ransgatan 65A', NULL, '11238', 'Stockholm', NULL, NULL, NULL),
(140, NULL, 3, 'false', 'Hampus Lynghed', NULL, 'hamly106@gmail.com', '0768659358', 'G&ouml;tgatan 17D', NULL, '58231', 'Link&ouml;ping', NULL, NULL, NULL),
(141, NULL, 3, 'false', 'Bj&ouml;rn Ljungberg', NULL, 'bj.ljungberg@live.se', '0736238527', 'Lidv&auml;gen 5', NULL, '45191', 'Uddevalla', NULL, NULL, NULL),
(142, NULL, 3, 'false', 'Anders persson', NULL, '624persson@bredband.net', '0703460069', '82135 Bolln&auml;s', NULL, '82135', 'Bolln&auml;s', NULL, NULL, NULL),
(143, NULL, 3, 'false', 'Anita Karjalainen', NULL, 'Anita.Karjalainen@regionhalland.se', '070-812 74 23', '.', NULL, '.', '.', NULL, NULL, NULL),
(144, NULL, 3, 'false', 'Maria Samuelsson', NULL, 'mariasamuelsson@hotmail.com', '0702906207', 'Hj&auml;lmarv&auml;gen 19', NULL, '70283', '&Ouml;rebro', NULL, NULL, NULL),
(146, NULL, 3, 'false', 'Henrik &Ouml;sterlund', NULL, 'henrik@hencol.se', '0707 333678', 'Svartviksslingan 23', NULL, '16738', 'Bromma', NULL, NULL, NULL),
(147, NULL, 3, 'false', 'Carl-David Ekblom', NULL, 'carldavidekblom@gmail.com', '0704773991', 'Ryds All&eacute; 17.100', NULL, '58435', 'Link&ouml;ping', NULL, NULL, NULL),
(148, NULL, 3, 'false', 'Klara ekeberg', NULL, 'Klara.ekeberg@gmail.com', '0702719442', 'R&aring;ggatan 12', NULL, '118 59', 'Stockholm', NULL, NULL, NULL),
(149, NULL, 3, 'false', 'M&aring;rten Sil&eacute;n', NULL, 'marten@skastra.nu', '0704155042', 'Trogsta 413', NULL, '82065', 'Forsa', NULL, NULL, NULL),
(150, NULL, 3, 'false', 'Christian Eriksson', NULL, 'christian.eriksson@bf-optimering.se', '0733-770150', 'Furulundsgatan 17B', NULL, '62154', 'VISBY', NULL, NULL, NULL),
(151, NULL, 3, 'false', 'Johannes Tornborg', NULL, 'jtornborg@gmail.com', '0705531328', 'Sm&ouml;rgatan 10', NULL, '41276', 'G&ouml;teborg', NULL, NULL, NULL),
(152, NULL, 3, 'false', 'Camilla Svensson', NULL, 'bjarne.camilla@gmail.com', '070-3677082', 'vedk&auml;rr Bolsg&aring;rd 1', NULL, '36047', 'V&auml;rends N&ouml;bbele', NULL, NULL, NULL),
(153, NULL, 3, 'false', 'Michael Florstr&ouml;m', NULL, 'mickeflorstrom@hotmail.com', '0732512546', 'St:Eriksgatan 104', NULL, '11331', 'Stockholm', NULL, NULL, NULL),
(154, NULL, 3, 'false', 'Johan R Olander', NULL, 'johan.olanda@hotmail.com', '0735464640', 'Jaktv&auml;gen 52', NULL, '19466', 'Upplands V&auml;sby', NULL, NULL, NULL),
(155, NULL, 3, 'false', 'Brita Ramberg', NULL, 'brita.ramberg@telia.com', '0708988569', 'Storskogsv&auml;gen 15', NULL, '167 75', 'Bromma', NULL, NULL, NULL),
(167, NULL, 3, 'false', 'Conny Olsson', NULL, 'conny.olsson@olwe.se', '073 - 802 07 51', 'Skolv&auml;gen 8', NULL, '19270', 'Sollentuna', NULL, NULL, NULL),
(166, NULL, 3, 'false', 'Marie L&ouml;f', NULL, 'marie.lof@gmail.com', '0708-680628', 'Murarv&auml;gen 15', NULL, '16833', 'Bromma', NULL, NULL, NULL),
(165, NULL, 3, 'false', 'G&ouml;ran Arestr&ouml;m', NULL, 'goran.arestrom@telia.com', '070-6550623', 'F&ouml;rskeppsgatan 3', NULL, '120 61', 'STOCKHOLM', NULL, NULL, NULL),
(164, NULL, 3, 'false', 'Douglas Daberius', NULL, 'dougdaberius@gmail.com', '0737414018', 'V&auml;ster&auml;ngsv&auml;gen 30', NULL, '182 47', 'Enebyberg', NULL, NULL, NULL),
(163, NULL, 3, 'false', 'Ingrid Jarlebring', NULL, 'ingrid.jarlebring@hotmail.com', '0732067734', 'Skogs B&ouml;le 642', NULL, '82029', 'Str&aring;tj&auml;ra', NULL, NULL, NULL),
(168, NULL, 3, 'false', 'Sofia Andersson', NULL, 'andersson.fia@gmail.com', '0702310104', 'liev&auml;gen 12', NULL, '95250', 'kalix Nyborg', NULL, NULL, NULL),
(169, NULL, 3, 'false', 'Daniel Jonsson', NULL, 'daniel.e.jonsson@gmail.com', '0707-200208', 'marieviksgatan 38', NULL, '11760', 'Stockholm', NULL, NULL, NULL),
(170, NULL, 3, 'false', 'Magdalena Svanbro', NULL, 'maggi.svanbro@hotmail.se', '0725012600', 'Fontinv&auml;gen 2', NULL, '44461', 'Stora h&ouml;ga', NULL, NULL, NULL),
(171, NULL, 3, 'false', 'David Sten', NULL, 'davidsten@me.com', '0707671217', 'S&ouml;dert&auml;lje', NULL, '15254', 'S&ouml;dert&auml;lje', NULL, NULL, NULL),
(172, NULL, 3, 'false', 'Lina Fransson', NULL, 'fransson.lina@gmail.com', '0761495071', 'Swedenborgsgatan 8B', NULL, '11848', 'Stockholm', NULL, NULL, NULL),
(173, NULL, 3, 'false', 'Marcus Wor&eacute;n', NULL, 'marcus.woren@gmail.com', '070-215 05 24', 'Svartviksslingan 15', NULL, '16738', 'Bromma', NULL, NULL, NULL),
(174, NULL, 3, 'false', 'Fanny Englund', NULL, 'fanny.englund@ljusrum.se', '0709643805', 'Per Lindestr&ouml;ms v&auml;g 88', NULL, '12146', 'Johanneshov', NULL, NULL, NULL),
(175, NULL, 3, 'false', 'Ove Bergstr&ouml;m', NULL, 'ove.bergstrom2@spray.se', '0732018245', 'Myrbackav&auml;ndan 156', NULL, '80427', 'G&auml;vle', NULL, NULL, NULL),
(203, NULL, 3, 'false', 'Kjell Snickars', NULL, 'kjell.snickars@gmail.com', '0705202210', 'Prinsv&auml;gen 9B', NULL, '13146', 'Nacka', NULL, NULL, NULL),
(177, NULL, 3, 'false', 'Merja Bergstr&ouml;m', NULL, 'ove.bergstrom2@spray.se', '0702898026', 'Myrbackav&auml;ndan 156', NULL, '80427', 'G&auml;vle', NULL, NULL, NULL),
(178, NULL, 3, 'false', 'Anna-Karin Bostr&ouml;m', NULL, 'anna-karin.bostrom@gavle.se', '070/691 55 10', 'Ormb&auml;rsv&auml;gen 1', NULL, '806 36', 'G&auml;vle', NULL, NULL, NULL),
(179, NULL, 3, 'false', 'Johan Hamneg&aring;rd', NULL, 'johanhamnegard@gmail.com', '0702-247500', 'H&auml;gerstensv&auml;gen 150', NULL, '12653', 'H&auml;gersten', NULL, NULL, NULL),
(180, NULL, 3, 'false', 'Rickard Widlund', NULL, 'rickard.widlund@foxt.com', '0733-630036', 'Hallkved Bj&ouml;rkkulla 415', NULL, '75597', 'Uppsala', NULL, NULL, NULL),
(181, NULL, 3, 'false', 'Thomas Gedde H&oslash;jland', NULL, 'tgh@resonans.dk', '004522419611', 'Torkel Badens Vej 13', NULL, '2900 Hellerup', 'Danmark', NULL, NULL, NULL),
(182, NULL, 3, 'false', 'Sophie Vrang', NULL, 'sophievrang@gmail.com', '0736742926', 'Tavastg 7', NULL, '11824', 'Stockholm', NULL, NULL, NULL),
(183, NULL, 3, 'false', 'Sven olof johnsson', NULL, 'j.sven-olov@telia.com', '0703147553', 'tunv&auml;gen 25', NULL, '83060', 'Sk&ouml;ldinge', NULL, NULL, NULL),
(244, NULL, 3, 'false', 'Paul Rosenqvist', NULL, 'paul.rosenqvist@gmail.com', '076-3111499', 'Sickla All&eacute; 5', NULL, '131 65', 'Nacka', NULL, NULL, NULL),
(185, NULL, 3, 'false', 'Anneli Helander', NULL, 'anneli69@gmail.com', '+4522991433', 'Tingh&oslash;jvej 11', NULL, '8370', 'Hadsten Danmark', NULL, NULL, NULL),
(186, NULL, 3, 'false', 'David M&aring;sender', NULL, 'david.masender@gmail.com', '+4799209472', 'Elisenbergveien 24A', NULL, '0265', 'Oslo', NULL, NULL, NULL),
(187, NULL, 3, 'false', 'Christian M&ouml;ller', NULL, 'moller@moller.tk', '073-0303255', 'Violv&auml;gen 3', NULL, '83080', 'Hoting', NULL, NULL, NULL),
(188, NULL, 3, 'false', 'linda persson', 'private', 'linda.persson1@gmail.com', '0708659792', 'mejerigatan', '', '64151', 'katrineholm', '', '', NULL),
(189, NULL, 3, 'false', 'Emrik Lundin Frisk', NULL, 'emrik.lundinfrisk@gmail.com', '0702414199', 'emrik.lundinfrisk@gmail.com', NULL, '72233', 'V&auml;ster&aring;s', NULL, NULL, NULL),
(190, NULL, 3, 'false', 'Vidar &Oslash;stre', NULL, 'vdar@vidarostre.net', '0047 911 45 190', 'Eidsbergveien 301', NULL, '1859,', 'Slitu', NULL, NULL, NULL),
(191, NULL, 3, 'false', 'Linda Persson', NULL, 'linda.persson1@gmail.com', '0708159792', 'mejerigatan 1', NULL, '64151', 'Katrineholm', NULL, NULL, NULL),
(192, NULL, 3, 'false', 'Magnus Torstensson', NULL, 'magnus.torstensson4@gmail.com', '0705526969', '&aring;dalsv&auml;gen 6', NULL, '36044', 'Ingelstad', NULL, NULL, NULL),
(193, NULL, 3, 'true', 'Kent Grenholm', 'private', 'kent@norderasensvvs.se', '070-609 71 20', 'Sofiav&auml;gen 3F', '', '834 31', 'Brunflo', '', '', NULL),
(194, NULL, 3, 'false', 'Theres M&ouml;ller', NULL, 'theres.moller@hotmail.com', '0739824336', 'Grevgatan 53', NULL, '11458', 'Stockholm', NULL, NULL, NULL),
(195, NULL, 3, 'false', 'K&aring;re Lenbroch', NULL, 'familien@lenbroch.dk', '+45 2920 3247', 'Drechselsvej 2B', NULL, 'DK-8600', 'Silkeborg', NULL, NULL, NULL),
(196, NULL, 3, 'false', 'Nils Resvik', NULL, 'nils.resvik@eniro.com', '0733683667', 'Styrmansgatan14D', NULL, '114 54', 'Stockholm', NULL, NULL, NULL),
(197, NULL, 3, 'false', 'Josefine Andersson', NULL, 'josefine.andersson@midroc.se', '072-5265621', 'B&aring;gv&auml;gen 2', NULL, '45334', 'Lysekil', NULL, NULL, NULL),
(198, NULL, 3, 'false', 'Karin Nilsson', NULL, 'karinnilsson.mora@hotmail.com', '076-7995205', 'Br&auml;ndanstigen 20', NULL, '79297', 'Mora', NULL, NULL, NULL),
(199, NULL, 3, 'false', 'johan byh', NULL, 'j_byh@hotmail.com', '0708-567907', 'N&auml;r Pr&auml;stg&aring;rden 156', NULL, '62348', 'st&aring;nga', NULL, NULL, NULL),
(200, NULL, 3, 'false', 'Ellen Ahlberg', NULL, 'ellen.ahlberg@telia.com', '0708511720', 'Sm&aring;stuguv&auml;gen 5', NULL, '16572', 'H&auml;sselby', NULL, NULL, NULL),
(201, NULL, 3, 'false', 'Sebastian Constantino', NULL, 'sebastian.constantino@gmail.com', '0736720674', 'L&auml;ck&ouml;v&auml;gen 24', NULL, '12150', 'Johanneshov', NULL, NULL, NULL),
(202, NULL, 3, 'false', 'Gunilla winroth', NULL, 'Gunilla.Winroth@gmail.com', '0704869936', 'Arosgatan 2', NULL, '416 56', 'G&ouml;teborg', NULL, NULL, NULL),
(204, NULL, 3, 'false', 'Kjell Snickars', NULL, 'kjell.snickars@gmail.com', '0705202210', 'Prinsv&auml;gen 9B', NULL, '13146', 'Nacka', NULL, NULL, NULL),
(205, NULL, 3, 'true', 'Jens Ejsing', 'private', 'jens.ejsing', '4529387681', 'Ortved stationsvej 35', '', '411', 'Ringsted', '', '', NULL),
(206, NULL, 3, 'false', 'Therese Eriksson', NULL, 'therese.eriksson@hannessnellman.com', '0760000068', 'Essinge Brogata 23', NULL, '112 61', 'Stockholm', NULL, NULL, NULL),
(207, NULL, 3, 'false', 'Simon H&aring;kansson', NULL, 'simon2422@live.se', '0723281918', 'vatengr&auml;nd 3', NULL, '19274', 'sollentuna', NULL, NULL, NULL),
(208, NULL, 3, 'false', 'Malin &Aring;hgren', NULL, 'malinahgren@hotmail.com', '0733802958', 'Gustavsbergsgatan 3c', NULL, '75239', 'Uppsala', NULL, NULL, NULL),
(209, NULL, 3, 'false', 'Calle wahlgren', NULL, 'callewahlgren@gmail.com', '0704135919', 'Hornsgatan 151', NULL, '117 34', 'Stockhom', NULL, NULL, NULL),
(210, NULL, 3, 'false', 'Thomas Belius', NULL, 'thomas.belius@gmail.com', '070-5227343', 'Erikksgatan 15', NULL, '752 18', 'Uppsala', NULL, NULL, NULL),
(211, NULL, 3, 'false', 'Wolf Wonneberger', NULL, 'wonneberger@yahoo.com', '0762344707', 'Gibraltaragatan 38', NULL, '38', 'G&ouml;teborg', NULL, NULL, NULL),
(212, NULL, 3, 'false', 'Maria Tammert', NULL, 'maria.tammert@hotmail.com', '0739959796', 'Nordenski&ouml;ldsgatan 15', NULL, '41309', 'G&ouml;teborg', NULL, NULL, NULL),
(213, NULL, 3, 'false', 'P&auml;r Simonsson', NULL, 'parjsimonsson', '0708681120', 'Enehagsgatan8', NULL, '38030', 'Rockneby', NULL, NULL, NULL),
(214, NULL, 3, 'false', 'P&auml;r Simonsson', NULL, 'parjsimonsson', '0708681120', 'Enehagsgatan8', NULL, '38030', 'Rockneby', NULL, NULL, NULL),
(215, NULL, 3, 'false', 'P&auml;r Simonsson', NULL, 'parjsimonsson', '0708681120', 'Enehagsgatan8', NULL, '38030', 'Rockneby', NULL, NULL, NULL),
(216, NULL, 3, 'false', 'Fredrik Sand', NULL, 'fredrik.sand1@gmail.com', '0730690075', 'J&auml;rla g&aring;rdsv&auml;g 34', NULL, '13161', 'NACKA', NULL, NULL, NULL),
(217, NULL, 3, 'false', 'Sandra Helmestam', NULL, 'sandrahelmestam@gmail.com', '0738405938', 'Rumlan 2757', NULL, '76294', 'RIMBO', NULL, NULL, NULL),
(218, NULL, 3, 'false', 'Lars Lindbergh', NULL, 'Lars.Lindbergh@usbe.umu.se', '0705577215', 'Myceliev&auml;gen 35', NULL, '90339', 'Ume&aring;', NULL, NULL, NULL),
(219, NULL, 3, 'false', 'Karolin Kvanman', NULL, 'karolin.kvanman@gmail.com', '0702236345', 'Hammarby Kaj 42', NULL, '12063', 'Stockholm', NULL, NULL, NULL),
(220, NULL, 3, 'false', 'Hans Arwin', NULL, 'hans.arwin@telia.com', '0708 171571', '&Aring;dalagatan 14', NULL, '582 26', 'Link&ouml;ping', NULL, NULL, NULL),
(221, NULL, 3, 'false', 'Ellen Ringqvist', NULL, 'elr65@hotmail.com', '070-1623891', 'Orvar Odds v&auml;g 8', NULL, '112 54', 'Stocholm', NULL, NULL, NULL),
(222, NULL, 3, 'false', 'Helena Eliason', NULL, 'Helena_eliason@hotmail.com', '0708357821', 'St Eriksgatan 10', NULL, '112 39', 'Stockholm', NULL, NULL, NULL),
(223, NULL, 3, 'false', 'Robert Sagulin', NULL, 'robert.sagulin@dometic.com', '070-6716699', 'Elinshillsv 21', NULL, '13248', 'Saltsj&ouml;-Boo', NULL, NULL, NULL),
(224, NULL, 3, 'false', 'Martin Hollstrand', NULL, 'martin@hollstrand.com', '0707161377', 'Ytterbystrandsv&auml;gen 91', NULL, '18594', 'Vaxholm', NULL, NULL, NULL),
(225, NULL, 3, 'false', 'Torbj&ouml;rn Myrn&auml;s', NULL, 'torbjorn@myrnas.se', '070-3668546', 'N Gimon&auml;sv. 63', NULL, '90738', 'Ume&aring;', NULL, NULL, NULL),
(226, NULL, 3, 'false', 'johan &aring;gren', NULL, 'johan.agren@swedbank.se', '0706270976', 'kastellgatan 8 b', NULL, '41122', 'g&ouml;teborg', NULL, NULL, NULL),
(227, NULL, 3, 'false', 'Caroline Str&ouml;mgren', NULL, 'carolinestromgren@hotmail.com', '0736988848', 'Storgatan 2c', NULL, '75331', 'Uppsala', NULL, NULL, NULL),
(228, NULL, 3, 'false', 'Bj&ouml;rn Henriksson', NULL, 'bjarven@telia.com', '0705641201', 'Marieberg 15', NULL, '77790', 'Smedjebacken', NULL, NULL, NULL),
(229, NULL, 3, 'true', 'Anton Kj&ouml;rck Lind&eacute;n', 'private', 'anton@noviumdesign.se', '0735345022', 'Solrosgatan 2A', '', '58249', 'Link&ouml;ping', '', '', NULL),
(230, NULL, 3, 'false', 'lisbeth larsson', NULL, 'lisbeth.e.larsson@telia.com', '0157-91081 el. 070-3123405', 'S Granhed S&auml;tra 3', NULL, '64197', 'Katrineholm', NULL, NULL, NULL),
(231, NULL, 3, 'false', 'Jens Baatrup', NULL, 'jensbaatrup@icloud.com', '0045 21848393', 'Solbrinken 14', NULL, '8300', 'Odder - Danmark', NULL, NULL, NULL),
(232, NULL, 3, 'false', 'Albin Nilsson', 'private', 'karl-erik.nilsson@svenskfotboll.se', '0705102867', 'Fritjof Nansens v&auml;g 32', '', '451 44', 'Uddevalla', '', '', NULL),
(233, NULL, 3, 'false', 'Markus St&auml;veby', NULL, 'markus.staveby@peab.se', '0704988045', 'segersj&ouml;v&auml;gen 59', NULL, '14761', 'uttran', NULL, NULL, NULL),
(234, NULL, 3, 'false', 'Christian Jordt', NULL, 'jordt@area.es', '004529292914', 'Hindegade 3', NULL, '1303', 'Copenhagen', NULL, NULL, NULL),
(235, NULL, 3, 'false', 'Jenny Lyck', NULL, 'jenly_22@hotmail.com', '0736231950', 'Gustavsbergsgatan 4A', NULL, '752 39', 'Uppsala', NULL, NULL, NULL),
(236, NULL, 3, 'false', 'Rickard Hallstr&ouml;m', NULL, 'rhm12001@student.mdh.se', '070289589', 'kriebsensgatan 14b', NULL, '63220', 'Eskilstuna', NULL, NULL, NULL),
(237, NULL, 3, 'false', 'Karin Eskilson', NULL, 'karin.eskilson@vaxjo.se', '0733-687146', 'Maram&ouml; B&ouml;rjag&aring;rd 1', NULL, '331 92', 'V&auml;rnamo', NULL, NULL, NULL),
(238, NULL, 3, 'false', 'Thea', NULL, 'theabengtsson@yahoo.se', '0706500709', 'V&auml;dursgatan 1', NULL, '41250', 'G&ouml;teborg', NULL, NULL, NULL),
(239, NULL, 3, 'false', 'Inga Persson', NULL, 'inga-persson@telia.com', '0703954304', 'S&ouml;dra Bergv&auml;gen 6', NULL, '79432', 'Orsa', NULL, NULL, NULL),
(240, NULL, 3, 'false', 'Marcus St&aring;lberg', NULL, 'marcus_stalberg@hotmail.com', '0708563285', 'H&auml;sthovsv&auml;gen 12', NULL, '63354', 'ESKILSTUNA', NULL, NULL, NULL),
(241, NULL, 3, 'false', 'Anders &Ouml;rtn&auml;s', NULL, 'anders@coastark.se', '0707977332', 'Helgagatan 36E', NULL, '11858', 'Stockholm', NULL, NULL, NULL),
(242, NULL, 3, 'false', 'Jacob Sch&ouml;nberg Jansson', NULL, 'jacob.schonberg-jansson@peab.se', '0761785992', 'Dj&auml;knegatan 8', NULL, '754 34', 'Uppsala', NULL, NULL, NULL),
(243, NULL, 3, 'false', 'philip sj&ouml;strand', NULL, 'philip.sjostrand@hotmail.com', '0768889119', 'klarinettv&auml;gen 126', NULL, '43447', 'kungsbacka', NULL, NULL, NULL),
(245, NULL, 3, 'false', 'Dan L&ouml;vfors', NULL, 'dan.lovfors@comhem.se', '0704821166', 'R&aring;sundav&auml;gen 7', NULL, '16967', 'Solna', NULL, NULL, NULL),
(246, NULL, 3, 'false', 'Tobias Lindgren', NULL, 'tobias.lindgren@tobii.com', '0733229902', 'Holmenv&auml;gen 8', NULL, '18470', '&Aring;kersberga', NULL, NULL, NULL),
(247, NULL, 3, 'false', 'Fanny Bromark', NULL, 'fanny.bromark@hotmail.com', '0706260850', 'Hjalmar brantingsgatan 5b', NULL, '75327', 'Uppsala', NULL, NULL, NULL),
(248, NULL, 3, 'false', 'petter gustaf bohman', NULL, 'petterbohman@hotmail.com', '0762501311', 'Drottninggatan 28a', NULL, '74530', 'Enk&ouml;ping', NULL, NULL, NULL),
(249, NULL, 3, 'false', 'henrik kalmsten', NULL, 'henkakalmis@hotmail.com', '070-6234916', 'Rrparat&ouml;rsgatan 3', NULL, '58737', 'Link&ouml;ping', NULL, NULL, NULL),
(250, NULL, 3, 'false', 'Johan Hammarlund', NULL, 'johanhammarlund_@hotmail.com', '070-3354537', 'Vitm&aring;ragatan 8', NULL, '72226', 'V&auml;ster&aring;s', NULL, NULL, NULL),
(251, NULL, 3, 'false', 'Jonathan Flod', NULL, 'jonathan.flod@gmail.com', '0735-068705', 'Fred&aring;sgatan 1B', NULL, '431 67', 'M&ouml;lndal', NULL, NULL, NULL),
(252, NULL, 3, 'false', 'Kenny Lindberg', NULL, 'kenny.s.lindberg@gmail.com', '0704487584', 'B&aring;lstav&auml;gen 4a', NULL, '746 33', 'B&aring;lsta', NULL, NULL, NULL),
(253, NULL, 3, 'false', 'Mattias Lif', NULL, 'mattias.lif@gmail.com', '0736615062', 'Karlebacken 3', NULL, '53194', 'J&auml;rp&aring;s', NULL, NULL, NULL),
(254, NULL, 3, 'false', 'Viktor Mejman', NULL, 'v.mejman@gmail.com', '0738050865', 'Gustav Clasons gata 10', NULL, '70219', '&Ouml;rebro', NULL, NULL, NULL),
(255, NULL, 3, 'false', 'Birger Goliath', NULL, 'b.goliath@hotmail.com', '0346-167 36', 'Sandgatan 7', NULL, '31131', 'Falkenberg', NULL, NULL, NULL),
(256, NULL, 3, 'false', 'Katarina Eriksson', NULL, 'erikssonkatarina@live.se', '0702931893', 'Djurg&aring;rdsv&auml;gen 2a', NULL, '63340', 'Eskilstuna', NULL, NULL, NULL),
(257, NULL, 3, 'false', 'Skitvallare Skitsson', NULL, '112@lac.se', '112', '112', NULL, '11212', 'S&auml;len', NULL, NULL, NULL),
(258, NULL, 3, 'false', 'Skitvalla Skitsson', NULL, 'flyttanu@vallaservice.se', '112', 'Stick h&auml;rifr&aring;n', NULL, '112', 'S&auml;len', NULL, NULL, NULL),
(259, NULL, 3, 'false', 'kristoffer hvidsteen', NULL, 'khvidsteen@deloitte.dk', '+4530936227', 'thorvaldsensvej 7 1 tv', NULL, '1871', 'frederiksberg', NULL, NULL, NULL),
(260, NULL, 3, 'false', 'Magnus Erlingmark', NULL, 'magnuserlingmark@gmail.com', '0706-989831', 'Bergens V&auml;g 8', NULL, '433 70', 'S&auml;vedalen', NULL, NULL, NULL),
(261, NULL, 1, 'true', 'Anton Kj&ouml;rck Lind&eacute;n', 'private', 'anton@noviumdesign.se', '0735345022', 'Solrosgatan 2A', '', '58249', 'Link&ouml;ping', '', '', NULL),
(263, NULL, 3, 'true', 'Ola Magnusson', 'private', '', '', 'Karlsrov&auml;gen 21', '', '18253', 'Dandryd', '', '', NULL),
(264, NULL, 3, 'true', 'Anna Nilsson', 'private', '', '', 'Primus g. 78', '', '112 67', 'Stockholm', '', '', NULL),
(265, NULL, 3, 'true', 'Sam Albemark', 'private', '', '', 'Ekhagsv&auml;gen 4', '', '114 18', 'Stockholm', '', '', NULL),
(266, NULL, 3, 'true', 'Michael Arvidsson', 'private', '', '', 'Linnefj&auml;llet 1', '', '423 42', 'Torslanda', '', '', NULL),
(267, NULL, 3, 'true', 'Niklas Edhamre', 'private', '', '0704496623', 'Herre brogatan 48', '', '602 80 ', 'Norrk&ouml;ping', '', '', NULL),
(268, NULL, 3, 'true', 'Dan Jonsson', 'private', '', '0707-886679', 'Svedala v. 10', '', '121 52', 'Johanneshov', '', '', NULL),
(269, NULL, 3, 'true', 'Jenny Granstr&ouml;m', 'private', '', '0705905038', 'Stadshagsplan 2', '', '125 50', 'Stockholm', '', '', ''),
(270, NULL, 3, 'true', 'Niklas Granstr&ouml;m', 'private', '', '0706009597', 'Kungsholmsg. 22', '', '11227', 'Stockholm', '', '', ''),
(271, NULL, 3, 'true', 'Per-Henry Olsson', 'private', '', '0761441262', 'Ljusslingan 9c', '', '120 64', 'Stockholm', '', '', NULL),
(272, NULL, 3, 'true', 'Mats Blomdahl', 'private', '', '', 'Asp&ouml;v&auml;gen 96', '', '105 40', '&Auml;lvsj&ouml;', '', '', NULL),
(273, NULL, 3, 'true', 'Per Johnler', 'private', '', '', 'Tempeltrapp 2', '', '113 33', 'Stockholm', '', '', NULL),
(274, NULL, 3, 'true', 'Martin Bladh', 'private', '', '076-8186661', 'Dynkehallav&auml;gen 33b', '', '55447', 'J&ouml;nk&ouml;ping', '', '', NULL),
(275, NULL, 3, 'true', 'Andreas &Aring;dahl', 'private', '', '076-2867302', 'S&ouml;dra agnegatan 22', '', '112 21', 'Stockholm', '', '', NULL),
(276, NULL, 3, 'true', 'Alf Ahlberg', 'private', '', '070-5311155', 'Sm&aring;stuguv&auml;gen 5', '', '165 72', 'H&auml;sselby', '', '', NULL),
(277, NULL, 3, 'true', 'Per-Olov Bjurn', 'private', '', '', 'Sandelsgatan 23a', '', '115 31', 'Stockholm', '', '', NULL),
(278, NULL, 3, 'true', 'Johan Jems&ouml;', 'private', '', '', 'L&auml;nsmansgatan 11a', '', '541 45 ', 'Sk&ouml;vde', '', '', NULL),
(279, NULL, 3, 'true', 'Jonas &Aring;kesson', 'private', '', '', 'Sj&ouml;torpsv. 29', '', '236 34', 'H&ouml;llviken', '', '', NULL),
(280, NULL, 3, 'true', 'Peter Huber', 'private', '', '', 'Vallmov&auml;gen 35', '', '236 34', 'H&ouml;llviken', '', '', NULL),
(281, NULL, 3, 'true', 'Karolin Str&ouml;mgren', 'private', '', '', 'Storgatan 2c', '', '753 31', 'Uppsala', '', '', NULL),
(282, NULL, 3, 'true', 'Maria Trulsson', 'private', '', '', 'Vitn&auml;sv&auml;gen 45', '', '142 42 ', 'Skog&aring;s', '', '', NULL),
(283, NULL, 3, 'true', 'Anna Trulsson', 'private', '', '', 'Kungsg&aring;rdsv 16B', '', '393 53', 'Kalmar', '', '', NULL),
(284, NULL, 6, 'true', '&Aring;nsta Skog AB', 'company', '', '', '&Aring;nsta', '', '611 91', 'Nyk&ouml;ping', '', '', 'Agneta Colliander'),
(285, NULL, 1, 'true', 'Rasmus Meck', 'private', 'rasmus@marob.se', '0704 472007', 'Rosensch&ouml;ldsgatan 2', '', '25654', 'Raml&ouml;sa', '', '', NULL),
(286, NULL, 7, 'true', 'David Antonsen', 'private', '', '073-5023221', 'Tveta &Ouml;strag&auml;rdet 1', '', '640 40', 'Stora Sundby', '', '', 'David Antonsen'),
(287, NULL, 2, 'true', 'BRF Islandet', 'company', 'styrelsen@islandet.org', '0736-430666', 'Olof Palmes gata 16', '', '111 37', 'Stockholm', '', '', 'Yasmina Osman'),
(288, NULL, 2, 'true', 'Brf. &Aring;rsta backe', 'company', 'chsjogren@hotmail.com', '0733-940993', '&Auml;lvs&aring;kersgr&auml;nd 48', '', '', 'Stockholm', '', '', 'Ulf Sj&ouml;gren'),
(289, NULL, 2, 'true', 'Brf. Uven 156', 'company', '', '0707-979797', 'Fe 391', '', '833 83', 'Str&ouml;mstad', '', '', 'Mats '),
(290, NULL, 2, 'true', 'Hsb. Brf. Sickla kanal', 'company', '', '0705-434586', 'FE 391', '', '83383', 'Str&ouml;mstad', '', '', 'Mats Regnell'),
(291, NULL, 2, 'true', 'Brf Knoppen 15', 'company', '', '0707-620430', 'Arbetargatan 28', '', '112 45', 'Stockholm', '', '', 'Magnus Str&ouml;m'),
(292, NULL, 2, 'true', 'Kaplan RM', 'company', 'stephanie.linder@kaplan.se', '08-52801671', 'Karlav&auml;gen 58', '', '114 49', 'Stockholm', '', '', 'Stephanie Linder'),
(293, NULL, 2, 'true', 'Johnny Federley', 'private', '', '0706-697382', 'Apelv&auml;gen 21', '', '148 46', 'Tullinge', '', '', ''),
(294, NULL, 2, 'true', 'Betson AB', 'company', '', '', 'Regeringsgatan 28', 'V&aring;ning 4', '111 53', 'Stockholm', '', '', 'Rebecka Hansson'),
(295, NULL, 2, 'true', 'Eds&auml;tra &Auml;ldreboende', 'company', '', '08-970340', 'Bergs&auml;trav&auml;gen 27', '', '127 38', 'Sk&auml;rholmen', '', '', 'Therese Askl&ouml;f'),
(296, NULL, 2, 'true', 'Marina L&auml;roverket', 'company', '', '0704-127503', 'Hamnv&auml;gen 2', '', '182 78', 'Stocksund', '', '', 'Peter Carsbo'),
(297, NULL, 2, 'true', 'Grupp f12', 'company', '', '0739-861551', 'Sveav&auml;gen 159', 'Box 23232', '104 35', 'Stockholm', '', '', 'Tony Elvingsson'),
(298, NULL, 2, 'true', 'Brf. Bananen', 'company', '', '076-796000', '', 'Box 550', '184 25', '&Aring;kersberga', '', '', 'J&ouml;rgen Eriksson'),
(299, NULL, 2, 'true', 'Brf. Karlberga Park', 'company', '', '0703-095469', 'Karlbergastigen 5', '', '151 56', 'S&ouml;dert&auml;lje', '', '', 'Hans Olsson'),
(300, NULL, 2, 'true', 'Berntsou Brands AB', 'company', '', '0705-329015', 'Torsgatan 13', '3tr', 'se-111 23', 'Stockholm', '', '', 'Matilda Westermark'),
(301, NULL, 2, 'true', 'Eson Pac Ljungberg AB', 'company', '', '0707-795838', 'M&ouml;rtstigen 20', '', '151 39', 'S&ouml;dert&auml;lje', '', '', 'Sari Ahven'),
(302, NULL, 2, 'true', 'Olof &Aring;hbeck', 'private', '', '073-6233247', 'Polhemsgatan 18', '151 73', 'S&ouml;dert&auml;lje', '', '', 'Alternativ dress:\r\nOxbacksgatan 20\r\n151 73	 S&Ouml;DERT&Auml;LJE\r\n\r\ntel Rogr 072-2178369', ''),
(303, NULL, 2, 'true', 'Perfect day media', 'company', '', '073-0545574', 'Sveav&auml;gen 124', '', '113 50 ', 'Stockholm', '', '', 'Emma Larsson'),
(304, NULL, 2, 'true', 'Allan Zoltan', 'private', '', '070-5897030', 'S&ouml;dermannagatan 50', '', '116 65 ', 'Stockholm', '', 'Alternativt telefon nr 08-618 12 69', ''),
(305, NULL, 2, 'true', 'Le Rouge', 'company', '', '08-505 244 30', 'Brunnsgr&auml;nd 2', '', '111 30', 'Stockholm', '', '', ''),
(306, NULL, 2, 'true', 'Mer Solution AB', 'company', '', '08-658 20 00', 'S&ouml;der M&auml;larstrand 41', '', '118 25 ', 'Stockholm', '', '', 'Maria Tomani'),
(307, NULL, 2, 'true', 'BSP Event sponsring', 'company', '', '', 'Armfeltsgatan 18', '', 's-115 34', 'Stockholm', '', '', 'Daniel Bengtsdahl'),
(308, NULL, 2, 'true', 'Brf. Handboken 3', 'company', 'larsgoran.kraft@bredband.net', '', 'Abrahamsbergsv&auml;gen 19', '', '16830', 'Bromma', '', '', 'Lars-G&ouml;ran Kraft'),
(309, NULL, 2, 'true', 'Sollentuna F&ouml;rsamling', 'company', '', '08-505 513 00', 'Box 13,', 'Box 13', '191 21', 'Sollentuna', '', '', ''),
(310, NULL, 7, 'true', '&Aring;hlin Service AB', 'company', 'test@test.se', '0706664647', 'Kila klippan 1', '', '611 90', '&Aring;lberga', '', '', 'Andreas &Aring;hlin'),
(311, NULL, 7, 'true', 'Thomo Lobino individuali imone', 'company', '', '', ' Smelio str. 4', '', 'Lt-89219', ' Mazeikiai', 'Republic of Lithuania', '', 'Thomas Lobinas'),
(312, NULL, 7, 'true', 'AB Gas och V&auml;rmeteknik i Billeberga', 'company', '', '070-9775566', 'Kustv&auml;gen 19', '', '261 75 ', 'Asmundtorp', '', '', 'Torbj&ouml;rn Nilsson'),
(313, NULL, 7, 'true', 'Torbj&ouml;rn Nilsson', 'private', '', '0709775566', 'Kustv&auml;gen 19', '', '261 75', 'Asmundtorp', '', '', ''),
(314, NULL, 7, 'true', 'Daniel Ersborn', 'private', '', '0703084807', 'Nordanv&auml;gen 13', '', '261 72', 'Asmundtorp', '', '', ''),
(315, NULL, 7, 'true', 'Mattias Wistrand Lantbruk, ', 'company', '', '', 'Knutsta Skatteg&aring;rd', '', '64040', 'Stora Sundby', '', '', 'Mattias Wistrand'),
(316, NULL, 7, 'true', 'Lennart Vallentin', 'company', '', '', 'M&aring;sgatan 8', '', '45611', 'Hunnebostrand', '', '', '');

-- --------------------------------------------------------

--
-- Tabellstruktur `invoices`
--

CREATE TABLE IF NOT EXISTS `invoices` (
  `invoice_id` int(11) NOT NULL AUTO_INCREMENT,
  `type` varchar(20) NOT NULL,
  `invoice_secret` varchar(10) NOT NULL,
  `invoice_number` int(11) NOT NULL,
  `business` int(11) NOT NULL,
  `customer` int(11) NOT NULL,
  `status` text NOT NULL,
  `date` int(11) NOT NULL,
  `due` int(11) NOT NULL,
  `discount` float NOT NULL,
  `notes` text NOT NULL,
  PRIMARY KEY (`invoice_id`),
  KEY `customer` (`customer`),
  KEY `invoice_secret` (`invoice_secret`),
  KEY `type` (`type`)
) ENGINE=InnoDB  DEFAULT CHARSET=latin1 AUTO_INCREMENT=78 ;

--
-- Dumpning av Data i tabell `invoices`
--

INSERT INTO `invoices` (`invoice_id`, `type`, `invoice_secret`, `invoice_number`, `business`, `customer`, `status`, `date`, `due`, `discount`, `notes`) VALUES
(6, 'credit invoice', 'u7485zvz4e', 1, 1, 261, 'unpaid', 1359759600, 1364598000, 0, ''),
(10, 'credit invoice', 'f9khwtqvsr', 3, 3, 193, 'paid', 1362572107, 1363910400, 0, ''),
(11, 'invoice', '52dznmv3hl', 2, 3, 283, 'paid', 1362668464, 1363910400, 0, ''),
(12, 'invoice', 'jbuoe9xh0p', 1, 3, 282, 'paid', 1362668567, 1363824000, 0, ''),
(13, 'invoice', '9ynbvynrf8', 4, 3, 281, 'paid', 1362668688, 1363910400, 0, ''),
(14, 'invoice', 'yqj5s7qcfe', 5, 3, 247, 'paid', 1362668760, 1363996800, 0, ''),
(15, 'invoice', 'znkpmoly82', 6, 3, 69, 'paid', 1362668908, 1363996800, 0, ''),
(16, 'invoice', 'uzb838km9x', 7, 3, 73, 'paid', 1362669032, 1363910400, 0, ''),
(17, 'invoice', 'menlcawdiw', 8, 3, 102, 'paid', 1362669116, 1363910400, 0, ''),
(18, 'invoice', 'h6dkywdlgp', 9, 3, 280, 'paid', 1362669177, 1363910400, 0, ''),
(19, 'invoice', '52lmg6hycp', 10, 3, 279, 'paid', 1362669261, 1363910400, 0, ''),
(20, 'invoice', 'ahqigmnkq8', 11, 3, 194, 'paid', 1362669320, 1363910400, 0, ''),
(21, 'invoice', '1lwriwzqok', 12, 3, 278, 'paid', 1362669395, 1363910400, 0, ''),
(22, 'invoice', 'jqgzuy8ef6', 13, 3, 277, 'paid', 1362669482, 1363910400, 0, ''),
(23, 'invoice', '14r94xpro3', 14, 3, 122, 'paid', 1362669575, 1363910400, 0, ''),
(24, 'invoice', 'bol3iy8l6c', 15, 3, 276, 'paid', 1362669635, 1363910400, 0, ''),
(25, 'invoice', '3whpc5j3oz', 16, 3, 275, 'paid', 1362669785, 1363910400, 0, ''),
(26, 'invoice', 'py5x2s8wux', 17, 3, 274, 'paid', 1362669841, 1363910400, 0, ''),
(27, 'invoice', 'xehqfqi5kv', 18, 3, 273, 'paid', 1362669940, 1363910400, 0, ''),
(28, 'invoice', 'qvoxm6s8ea', 19, 3, 174, 'paid', 1362670001, 1363910400, 0, ''),
(29, 'invoice', '9ugrcpsc8l', 20, 3, 127, 'paid', 1362670105, 1363910400, 0, ''),
(30, 'invoice', 'eui1vk6thy', 21, 3, 272, 'paid', 1362670166, 1363910400, 0, ''),
(31, 'invoice', 'gyn7mh4shw', 22, 3, 271, 'paid', 1362670232, 1363910400, 0, ''),
(32, 'invoice', '67mvhyo51a', 23, 3, 270, 'paid', 1362670289, 1363910400, 0, ''),
(33, 'invoice', 'abgyik0g2k', 24, 3, 269, 'paid', 1362670352, 1363910400, 0, ''),
(34, 'invoice', '337yqb9i6h', 25, 3, 268, 'unpaid', 1362092400, 1363906800, 0, ''),
(35, 'invoice', 's3tt6sb5yl', 26, 3, 165, 'paid', 1362670581, 1363910400, 0, ''),
(36, 'invoice', '20oj0kotdb', 27, 3, 267, 'paid', 1362670702, 1363910400, 0, ''),
(37, 'invoice', 'uh65f4y9fj', 28, 3, 266, 'paid', 1362670915, 1363910400, 80, ''),
(38, 'invoice', '7hnavd67h4', 29, 3, 265, 'paid', 1362671048, 1363910400, 0, ''),
(39, 'invoice', 'c82gjl93ek', 30, 3, 210, 'paid', 1362671103, 1363910400, 320, ''),
(40, 'invoice', '01nhgivhol', 31, 3, 264, 'paid', 1362671217, 1363910400, 0, ''),
(41, 'invoice', 'b12vqxu4ub', 32, 3, 193, 'unpaid', 1362671336, 1363910400, 960, ''),
(42, 'invoice', 'us002q59ga', 33, 3, 263, 'paid', 1362671407, 1363910400, 0, ''),
(43, 'invoice', 'rov9a15fxf', 1, 6, 284, 'paid', 1362678079, 1363910400, 0, ''),
(44, 'invoice', 'a7ibbtqkle', 34, 3, 2, 'paid', 1362696220, 1363478400, 1, 'Notes'),
(45, 'invoice', 'eur97hmxvz', 2, 1, 0, 'unpaid', 1362734081, 1363564800, 0, ''),
(46, 'invoice', '59lhiocc6n', 3, 1, 285, 'unpaid', 1362734737, 1363564800, 0, ''),
(47, 'invoice', 'y8xabv7dmu', 4, 1, 0, 'paid', 1362737070, 1363564800, 0, ''),
(49, 'invoice', 'tkzre9y1hq', 1, 7, 286, 'paid', 1363002596, 1363824000, 0, ''),
(50, 'invoice', 'pu9inb64at', 1, 2, 291, 'paid', 1363168366, 1364515200, 0, ''),
(51, 'invoice', 'r3kz2tljw7', 2, 2, 292, 'paid', 1363168470, 1364515200, 500, ''),
(52, 'invoice', 't3fexhm6rp', 3, 2, 293, 'unpaid', 1363168969, 1364515200, 0, ''),
(53, 'invoice', '13bqj88ut7', 4, 2, 294, 'paid', 1363169357, 1364515200, 0, ''),
(54, 'invoice', 'eud0if2crl', 5, 2, 295, 'unpaid', 1363169782, 1364515200, 0, ''),
(55, 'invoice', 'n23smka0fe', 6, 2, 302, 'unpaid', 1363176786, 1364515200, 0, ''),
(56, 'invoice', 'vpkem7uato', 9, 2, 307, 'paid', 1363177819, 1364515200, 0, ''),
(57, 'invoice', 'disa0qjndy', 8, 2, 304, 'unpaid', 1363178485, 1364515200, 0, ''),
(58, 'invoice', 'k1469m14sv', 7, 2, 306, 'unpaid', 1363179321, 1364515200, 1935, ''),
(59, 'invoice', 'vaxd9l3m5w', 10, 2, 308, 'unpaid', 1363185023, 1364515200, 0, ''),
(60, 'invoice', 's617dwwj8c', 11, 2, 287, 'paid', 1363186305, 1364515200, 1000, ''),
(61, 'invoice', 'qkm68u15ud', 12, 2, 309, 'unpaid', 1363187326, 1364515200, 0, ''),
(62, 'invoice', '3nzpn4ictr', 13, 2, 290, 'paid', 1363187579, 1364515200, 0, ''),
(63, 'invoice', '1cobfzsmtw', 2, 7, 310, 'unpaid', 1363589819, 1364428800, 4270, ''),
(64, 'invoice', 'v3hud2yjfp', 3, 7, 310, 'paid', 1363647600, 1364511600, 234, 'asd'),
(66, 'invoice', 'm4v532d5s0', 5, 7, 312, 'paid', 1363768928, 1366416000, 0, ''),
(68, 'invoice', 'dui5tro3i3', 7, 7, 312, 'paid', 1367904261, 1368748800, 0, ''),
(69, 'invoice', 'cih1d59fox', 8, 7, 312, 'paid', 1369327200, 1369958400, 0, ''),
(71, 'credit-invoice', 'vx2e03y45q', 10, 7, 310, 'unpaid', 1369653870, 1370476800, 0, ''),
(72, 'credit-invoice', 't51g3sccma', 11, 7, 316, 'unpaid', 1370974669, 1371772800, 0, ''),
(73, 'invoice', 'fw59c6xy0r', 12, 7, 286, 'paid', 1371676798, 0, 32, ''),
(74, 'invoice', 'xn2c1dzhc7', 13, 7, 316, 'paid', 1371592800, -3600, -23487200, ''),
(75, 'invoice', 'njkex3y85p', 14, 7, 312, 'unpaid', 1371677038, 0, 23486800000, ''),
(76, 'credit-invoice', '9rwmlegwjd', 15, 7, 311, 'unpaid', 1371592800, 0, 12, 'v'),
(77, 'invoice', 'sgvga4tiso', 16, 7, 312, 'unpaid', 1371592800, 1372456800, 23547000, 'fcgbhs g sfgs');

-- --------------------------------------------------------

--
-- Tabellstruktur `items`
--

CREATE TABLE IF NOT EXISTS `items` (
  `item_id` int(11) NOT NULL AUTO_INCREMENT,
  `product` int(10) NOT NULL,
  `order` int(10) NOT NULL,
  `invoice` int(11) NOT NULL,
  `quantity` float NOT NULL,
  `price` int(10) NOT NULL,
  PRIMARY KEY (`item_id`),
  KEY `order` (`order`)
) ENGINE=MyISAM  DEFAULT CHARSET=latin1 AUTO_INCREMENT=415 ;

--
-- Dumpning av Data i tabell `items`
--

INSERT INTO `items` (`item_id`, `product`, `order`, `invoice`, `quantity`, `price`) VALUES
(5, 21, 5, 0, 1, 0),
(2, 21, 2, 0, 2, 0),
(135, 21, 129, 0, 1, 0),
(30, 5, 29, 0, 1, 1000),
(16, 4, 15, 0, 1, 1400),
(33, 21, 32, 0, 1, 0),
(34, 21, 33, 0, 2, 0),
(35, 1, 34, 0, 1, 1000),
(26, 4, 25, 0, 1, 1400),
(31, 21, 30, 0, 1, 0),
(37, 21, 36, 0, 3, 0),
(38, 4, 37, 0, 1, 1400),
(39, 21, 38, 0, 3, 0),
(46, 21, 45, 0, 3, 0),
(47, 4, 10, 0, 1, 45),
(50, 21, 48, 0, 4, 0),
(51, 3, 49, 0, 1, 800),
(52, 21, 50, 0, 1, 0),
(53, 2, 51, 0, 1, 700),
(93, 3, 91, 0, 1, 800),
(92, 21, 90, 0, 1, 0),
(83, 21, 81, 0, 1, 0),
(82, 21, 80, 0, 1, 0),
(80, 21, 78, 0, 1, 0),
(79, 1, 77, 0, 1, 1000),
(78, 9, 76, 0, 2, 250),
(77, 21, 75, 0, 2, 0),
(76, 2, 74, 0, 3, 700),
(75, 4, 73, 0, 1, 1400),
(91, 2, 89, 0, 1, 700),
(73, 5, 71, 0, 5, 1000),
(71, 21, 69, 0, 1, 0),
(96, 21, 92, 0, 2, 0),
(97, 21, 93, 0, 2, 0),
(99, 21, 94, 0, 1, 0),
(123, 21, 117, 0, 1, 0),
(100, 21, 95, 0, 2, 0),
(122, 21, 116, 0, 1, 0),
(121, 21, 115, 0, 2, 0),
(266, 23, 259, 0, 3, 2400),
(118, 21, 112, 0, 2, 0),
(117, 21, 111, 0, 1, 0),
(116, 21, 110, 0, 2, 0),
(115, 4, 109, 0, 1, 1400),
(114, 21, 108, 0, 2, 0),
(113, 21, 107, 0, 3, 0),
(111, 21, 106, 0, 1, 0),
(124, 4, 118, 0, 1, 1400),
(125, 9, 119, 0, 3, 250),
(126, 21, 120, 0, 3, 0),
(132, 21, 126, 0, 1, 0),
(133, 21, 127, 0, 3, 0),
(134, 21, 128, 0, 1, 0),
(136, 21, 130, 0, 2, 0),
(137, 3, 131, 0, 1, 800),
(138, 21, 132, 0, 3, 0),
(139, 21, 133, 0, 2, 0),
(140, 21, 134, 0, 1, 0),
(141, 21, 135, 0, 1, 0),
(142, 1, 136, 0, 2, 1000),
(143, 21, 137, 0, 1, 0),
(144, 21, 138, 0, 1, 0),
(145, 21, 139, 0, 2, 0),
(146, 2, 140, 0, 1, 700),
(147, 21, 141, 0, 1, 0),
(148, 21, 142, 0, 1, 0),
(149, 24, 143, 0, 1, 600),
(150, 21, 144, 0, 1, 0),
(151, 21, 145, 0, 1, 0),
(152, 21, 146, 0, 1, 0),
(153, 21, 147, 0, 3, 0),
(154, 9, 148, 0, 3, 250),
(156, 21, 150, 0, 1, 0),
(157, 2, 151, 0, 1, 700),
(158, 24, 152, 0, 2, 600),
(159, 21, 153, 0, 1, 0),
(160, 21, 154, 0, 3, 0),
(161, 21, 155, 0, 2, 0),
(162, 21, 156, 0, 1, 0),
(163, 21, 157, 0, 1, 0),
(164, 21, 158, 0, 1, 0),
(165, 4, 159, 0, 1, 1400),
(173, 3, 167, 0, 1, 800),
(174, 1, 168, 0, 1, 1000),
(176, 3, 169, 0, 1, 800),
(177, 21, 170, 0, 2, 0),
(178, 21, 171, 0, 2, 0),
(179, 21, 172, 0, 1, 0),
(180, 1, 173, 0, 1, 1000),
(181, 1, 174, 0, 1, 1000),
(182, 4, 175, 0, 1, 1400),
(183, 9, 176, 0, 1, 250),
(184, 2, 177, 0, 2, 700),
(185, 21, 178, 0, 1, 0),
(186, 21, 179, 0, 1, 0),
(187, 21, 180, 0, 1, 0),
(249, 21, 242, 0, 1, 0),
(189, 21, 182, 0, 4, 0),
(190, 21, 183, 0, 1, 0),
(191, 21, 184, 0, 1, 0),
(192, 1, 185, 0, 1, 1000),
(193, 21, 186, 0, 2, 0),
(194, 21, 187, 0, 1, 0),
(195, 21, 188, 0, 1, 0),
(196, 21, 189, 0, 2, 0),
(197, 4, 190, 0, 1, 1400),
(198, 21, 191, 0, 2, 0),
(199, 21, 192, 0, 1, 0),
(200, 21, 193, 0, 2, 0),
(201, 21, 194, 0, 1, 0),
(202, 21, 195, 0, 1, 0),
(203, 4, 196, 0, 1, 1400),
(204, 21, 197, 0, 1, 0),
(205, 4, 198, 0, 1, 1400),
(206, 21, 199, 0, 1, 0),
(207, 1, 200, 0, 1, 1000),
(208, 3, 201, 0, 1, 800),
(209, 9, 202, 0, 2, 250),
(210, 21, 203, 0, 1, 0),
(211, 2, 204, 0, 1, 700),
(212, 9, 205, 0, 1, 250),
(213, 2, 206, 0, 2, 700),
(215, 21, 208, 0, 1, 0),
(216, 4, 209, 0, 1, 83),
(217, 21, 210, 0, 3, 0),
(218, 3, 211, 0, 2, 800),
(219, 21, 212, 0, 1, 0),
(220, 21, 213, 0, 1, 0),
(221, 5, 214, 0, 1, 1000),
(222, 4, 215, 0, 1, 1400),
(223, 21, 216, 0, 1, 0),
(236, 21, 229, 0, 2, 0),
(235, 1, 228, 0, 1, 1000),
(226, 21, 219, 0, 1, 0),
(227, 9, 220, 0, 1, 250),
(228, 24, 221, 0, 1, 600),
(229, 21, 222, 0, 1, 0),
(230, 21, 223, 0, 4, 0),
(231, 2, 224, 0, 1, 700),
(250, 21, 243, 0, 1, 0),
(233, 21, 226, 0, 3, 0),
(234, 4, 227, 0, 1, 1400),
(238, 24, 231, 0, 1, 600),
(239, 21, 232, 0, 1, 0),
(240, 23, 233, 0, 1, 2400),
(241, 24, 234, 0, 1, 600),
(242, 2, 235, 0, 1, 700),
(243, 21, 236, 0, 1, 0),
(244, 21, 237, 0, 1, 0),
(245, 21, 238, 0, 2, 0),
(246, 21, 239, 0, 1, 0),
(247, 4, 240, 0, 1, 1400),
(248, 21, 241, 0, 2, 0),
(251, 21, 244, 0, 1, 0),
(252, 21, 245, 0, 1, 0),
(253, 21, 246, 0, 1, 0),
(254, 21, 247, 0, 2, 0),
(255, 1, 248, 0, 1, 1000),
(256, 21, 249, 0, 2, 0),
(257, 21, 250, 0, 1, 0),
(258, 24, 251, 0, 1, 600),
(259, 21, 252, 0, 4, 0),
(260, 21, 253, 0, 1, 0),
(261, 21, 254, 0, 1, 0),
(262, 21, 255, 0, 1, 0),
(263, 9, 256, 0, 2, 250),
(264, 21, 257, 0, 1, 0),
(265, 21, 258, 0, 2, 0),
(267, 1, 260, 0, 1, 1000),
(271, 2, 264, 0, 1, 700),
(272, 25, 0, 6, 4, 93),
(270, 1, 263, 0, 1, 1000),
(277, 2, 0, 11, 1, 41),
(278, 22, 0, 11, 1, 47),
(275, 1, 0, 10, 1, 81),
(276, 22, 0, 10, 1, 47),
(279, 2, 0, 12, 1, 41),
(280, 22, 0, 12, 1, 47),
(281, 24, 0, 13, 1, 92),
(282, 24, 0, 14, 1, 92),
(283, 22, 0, 14, 1, 47),
(284, 4, 0, 15, 1, 83),
(285, 4, 0, 16, 1, 83),
(286, 22, 0, 16, 1, 47),
(287, 4, 0, 17, 1, 83),
(288, 22, 0, 17, 1, 47),
(289, 4, 0, 18, 1, 83),
(290, 4, 0, 19, 1, 83),
(291, 4, 0, 20, 1, 83),
(292, 2, 0, 21, 2, 41),
(293, 4, 0, 22, 1, 83),
(294, 2, 0, 23, 1, 41),
(295, 2, 0, 24, 1, 41),
(296, 4, 0, 25, 1, 83),
(297, 1, 0, 26, 1, 81),
(298, 1, 0, 27, 1, 81),
(299, 5, 0, 27, 2, 91),
(300, 2, 0, 28, 1, 41),
(301, 24, 0, 29, 1, 92),
(302, 1, 0, 30, 1, 81),
(303, 22, 0, 30, 1, 47),
(304, 1, 0, 31, 1, 81),
(305, 4, 0, 32, 1, 83),
(306, 4, 0, 33, 1, 83),
(307, 4, 0, 34, 1, 83),
(308, 4, 0, 35, 1, 83),
(309, 4, 0, 36, 1, 83),
(310, 4, 0, 37, 1, 83),
(311, 22, 0, 37, 1, 47),
(312, 2, 0, 38, 2, 41),
(313, 4, 0, 39, 1, 83),
(314, 1, 0, 40, 2, 81),
(315, 1, 0, 41, 1, 81),
(316, 22, 0, 41, 1, 47),
(317, 2, 0, 42, 2, 41),
(318, 22, 0, 42, 2, 47),
(319, 26, 0, 43, 4, 94),
(320, 3, 0, 44, 1, 42),
(321, 4, 0, 44, 1, 83),
(322, 9, 0, 44, 1, 11),
(323, 28, 0, 45, 3, 96),
(324, 27, 0, 45, 2, 95),
(325, 28, 0, 46, 2, 96),
(326, 27, 0, 46, 8, 95),
(327, 28, 0, 47, 1, 96),
(330, 30, 0, 49, 1, 100),
(331, 31, 0, 50, 2, 101),
(332, 32, 0, 51, 1, 102),
(333, 33, 0, 52, 1, 105),
(334, 34, 0, 53, 1, 106),
(335, 35, 0, 54, 1, 109),
(336, 31, 0, 55, 1, 101),
(339, 34, 0, 57, 1, 106),
(341, 37, 0, 56, 1, 111),
(340, 36, 0, 58, 3, 110),
(342, 31, 0, 59, 1, 101),
(343, 39, 0, 60, 1, 113),
(344, 38, 0, 60, 9, 115),
(365, 53, 0, 69, 92.5, 141),
(346, 40, 0, 62, 10, 116),
(347, 45, 0, 63, 20, 125),
(348, 41, 0, 63, 48, 119),
(349, 42, 0, 63, 47, 120),
(350, 43, 0, 63, 5, 123),
(351, 44, 0, 63, 31, 124),
(356, 46, 0, 64, 33.5, 132),
(355, 47, 0, 64, 37, 131),
(410, 101, 0, 73, 1, 197),
(364, 53, 0, 68, 98, 141),
(362, 53, 0, 66, 67, 141),
(361, 28, 265, 0, 1, 98),
(411, 101, 0, 74, 1, 197),
(367, 60, 0, 71, 2, 148),
(368, 69, 0, 71, 2, 157),
(369, 67, 0, 71, 8, 155),
(370, 77, 0, 71, 1, 165),
(371, 76, 0, 71, 1, 164),
(372, 80, 0, 71, 450, 168),
(373, 59, 0, 71, 1, 147),
(374, 58, 0, 71, 1, 146),
(375, 56, 0, 71, 4, 144),
(376, 64, 0, 71, 1, 152),
(377, 71, 0, 71, 1, 159),
(378, 81, 0, 71, 2, 169),
(379, 63, 0, 71, 3, 151),
(380, 61, 0, 71, 1, 149),
(381, 75, 0, 71, 1, 163),
(382, 70, 0, 71, 1, 158),
(383, 73, 0, 71, 1, 161),
(384, 62, 0, 71, 3, 150),
(385, 66, 0, 71, 4, 154),
(386, 68, 0, 71, 2, 156),
(387, 72, 0, 71, 2, 160),
(388, 82, 0, 71, 4, 170),
(389, 79, 0, 71, 2, 167),
(390, 78, 0, 71, 1, 166),
(391, 88, 0, 71, 2, 176),
(392, 83, 0, 71, 4, 171),
(393, 90, 0, 71, 3, 178),
(394, 87, 0, 71, 6, 175),
(395, 84, 0, 71, 15, 172),
(396, 86, 0, 71, 12, 174),
(397, 74, 0, 71, 5, 162),
(398, 92, 0, 71, 6, 186),
(399, 91, 0, 71, 6, 185),
(400, 93, 0, 71, 7.5, 188),
(401, 94, 0, 71, 8, 187),
(402, 95, 0, 71, 9, 189),
(403, 96, 0, 71, 10, 190),
(404, 97, 0, 71, 10, 191),
(405, 98, 0, 71, 10, 192),
(406, 99, 0, 71, 10, 193),
(407, 100, 0, 71, 27, 196),
(408, 101, 0, 72, 1, 197),
(409, 4, 266, 0, 3.5, 83),
(412, 101, 0, 75, 1, 197),
(413, 101, 0, 76, 2, 197),
(414, 101, 0, 77, 6, 197);

-- --------------------------------------------------------

--
-- Tabellstruktur `orders`
--

CREATE TABLE IF NOT EXISTS `orders` (
  `order_id` int(11) NOT NULL AUTO_INCREMENT,
  `order_secret` varchar(10) NOT NULL,
  `order_number` int(10) DEFAULT NULL,
  `date` int(11) NOT NULL,
  `business` int(10) NOT NULL,
  `delivery_adress` text,
  `delivery` varchar(20) NOT NULL,
  `delivery_date` int(11) DEFAULT NULL,
  `carrier` int(10) DEFAULT '0',
  `status` varchar(20) NOT NULL,
  `customer` int(10) NOT NULL,
  `notes` text,
  `custom_1` text,
  `custom_2` text,
  `custom_3` text,
  UNIQUE KEY `order_id` (`order_id`),
  KEY `business` (`business`),
  KEY `order_number` (`order_number`),
  KEY `order_secret` (`order_secret`)
) ENGINE=MyISAM  DEFAULT CHARSET=latin1 AUTO_INCREMENT=267 ;

--
-- Dumpning av Data i tabell `orders`
--

INSERT INTO `orders` (`order_id`, `order_secret`, `order_number`, `date`, `business`, `delivery_adress`, `delivery`, `delivery_date`, `carrier`, `status`, `customer`, `notes`, `custom_1`, `custom_2`, `custom_3`) VALUES
(5, 'nke4xittc3', 2, 1359391425, 3, '', 'none', 1361836800, 0, 'invoice', 5, 'Beh&ouml;ver &auml;ven hj&auml;lp med att m&auml;ta ut spannet.', 'Halvvasan 26/2', 'Mora', NULL),
(2, 'igk252fjxa', 1, 1359312400, 3, '', 'approved', 1371423600, 1, 'active', 2, 'Ett par &auml;r mina. Det andra paret tillh&ouml;r min kompis.\r\n\r\nVill ha skidorna levererade till start i S&auml;len.', 'Vasaloppet 3/3', 'Mora', NULL),
(10, '2p3l0cvrdn', 3, 1359532525, 3, '', 'none', 1361729640, 0, 'active', 10, '', '&Ouml;ppetsp&aring;r S&ouml;ndag 24/2', 'Mora', NULL),
(25, '4qhiyt5tuo', 5, 1359622202, 3, '', 'completed', 1371489060, 0, 'invoice', 24, '', '&Ouml;ppetsp&aring;r M&aring;ndag 25/2', 'S&auml;len', NULL),
(15, 'k4pcl8prdm', 4, 1359578141, 3, '', 'none', 1361729640, 0, 'active', 15, 'Beh&ouml;ver hj&auml;lp att ta ut spannet vid inl&auml;mning', '&Ouml;ppetsp&aring;r S&ouml;ndag 24/2', 'Mora', NULL),
(32, 'v3pohg3mc4', 8, 1359739218, 3, NULL, 'none', 1361729640, 0, 'active', 30, NULL, '&Ouml;ppetsp&aring;r S&ouml;ndag 24/2', 'S&auml;len', NULL),
(29, 'g42c1xilr3', 6, 1359670912, 3, NULL, 'none', 1361836800, 0, 'active', 27, NULL, 'Halvvasan 26/2', 'S&auml;len', NULL),
(30, '37ukul28lt', 7, 1359709499, 3, '', 'none', 1371489240, 0, 'active', 28, 'Har stenslipat skidorna i &aring;r men fick inte n&aring;got bra resultat.', '&Ouml;ppetsp&aring;r S&ouml;ndag 24/2', 'Mora', NULL),
(33, 'ldbb27mjze', 9, 1359795408, 3, NULL, 'none', 1361729640, 0, 'active', 31, NULL, '&Ouml;ppetsp&aring;r S&ouml;ndag 24/2', 'S&auml;len', NULL),
(34, 'm3v1au1diu', 10, 1359804873, 3, '', 'none', 1361836800, 0, 'active', 32, '', 'Halvvasan 26/2', 'Mora', NULL),
(36, 'wuzdw6iozt', 11, 1359824026, 3, NULL, 'none', 1361729640, 0, 'active', 34, NULL, '&Ouml;ppetsp&aring;r S&ouml;ndag 24/2', 'S&auml;len', NULL),
(37, 'ytfpzq24z0', 12, 1359828847, 3, NULL, 'none', 1361729640, 0, 'active', 35, NULL, '&Ouml;ppetsp&aring;r S&ouml;ndag 24/2', 'S&auml;len', NULL),
(38, 'mdew5vcwzy', 13, 1359889457, 3, NULL, 'none', 1361729640, 0, 'active', 36, 'Vi &ouml;nskar att ni v&auml;ljer preparering och valla &aring;t oss n&auml;r vi l&auml;mnar in v&aring;ra skidor l&ouml;r 23/2. &Ouml;nskar h&auml;mta skidorna i S&auml;len s&ouml;n 24/2.', '&Ouml;ppetsp&aring;r S&ouml;ndag 24/2', 'Mora', NULL),
(69, '7vn485awup', 20, 1360046623, 3, NULL, 'none', 1361815860, 0, 'active', 65, NULL, '&Ouml;ppetsp&aring;r M&aring;ndag 25/2', 'S&auml;len', NULL),
(45, 'p8ay4a6ew4', 14, 1359962382, 3, NULL, 'none', 1361729640, 0, 'active', 41, NULL, '&Ouml;ppetsp&aring;r S&ouml;ndag 24/2', 'Mora', NULL),
(48, 'ieh2zvuka4', 15, 1359988510, 3, '', 'none', 1361836800, 0, 'active', 44, '', 'Halvvasan 26/2', 'Mora', NULL),
(49, 'dprq1dyq6b', 16, 1359989402, 3, '', 'none', 1361815860, 0, 'active', 45, '', '&Ouml;ppetsp&aring;r M&aring;ndag 25/2', 'S&auml;len', NULL),
(50, 'fm5fqvfnlo', 17, 1359996453, 3, '', 'none', 1361815860, 0, 'active', 46, '', '&Ouml;ppetsp&aring;r M&aring;ndag 25/2', 'S&auml;len', NULL),
(51, 'c58uc09978', 18, 1360003395, 3, '', 'none', 1361815860, 0, 'active', 47, '', '&Ouml;ppetsp&aring;r M&aring;ndag 25/2', 'Mora', NULL),
(80, 'bf7zupq8tn', 29, 1360269214, 3, NULL, 'none', 1361815860, 0, 'active', 76, NULL, '&Ouml;ppetsp&aring;r M&aring;ndag 25/2', 'Mora', NULL),
(129, 'hsd4ybg9gn', 65, 1360676655, 3, NULL, 'none', 1361583180, 0, 'active', 125, NULL, 'Tjejvasan 23/2', 'S&auml;len', NULL),
(130, '662rhkwsd3', 66, 1360677406, 3, NULL, 'none', 1361583180, 0, 'active', 126, NULL, 'Tjejvasan 23/2', 'S&auml;len', NULL),
(81, 'ivk5yxuu8b', 30, 1360310076, 3, NULL, 'none', 1361815860, 0, 'active', 78, NULL, '&Ouml;ppetsp&aring;r M&aring;ndag 25/2', 'S&auml;len', NULL),
(78, 'tvj1xmvkei', 28, 1360267384, 3, NULL, 'none', 1361815860, 0, 'active', 74, NULL, '&Ouml;ppetsp&aring;r M&aring;ndag 25/2', 'S&auml;len', NULL),
(77, 'q9ovk43mj9', 27, 1360186713, 3, NULL, 'none', 1361729640, 0, 'active', 73, NULL, '&Ouml;ppetsp&aring;r S&ouml;ndag 24/2', 'Mora', NULL),
(76, 'vkb32sp589', 26, 1360175941, 3, NULL, 'none', 1361815860, 0, 'active', 72, NULL, '&Ouml;ppetsp&aring;r M&aring;ndag 25/2', 'Mora', NULL),
(75, 'g6blkk62ck', 25, 1360146144, 3, '', 'none', 1361556600, 0, 'active', 71, '', 'Kortvasan 22/2', 'S&auml;len', NULL),
(74, '64mi4xqp51', 24, 1360097771, 3, NULL, 'none', 1361583180, 0, 'active', 70, NULL, 'Tjejvasan 23/2', 'S&auml;len', NULL),
(89, 'z0k8wnvz3m', 31, 1360312701, 3, NULL, 'none', 1361729640, 0, 'active', 85, NULL, '&Ouml;ppetsp&aring;r S&ouml;ndag 24/2', 'S&auml;len', NULL),
(73, 'rcmuia2lxn', 23, 1360091380, 3, NULL, 'none', 1361729640, 0, 'active', 69, NULL, '&Ouml;ppetsp&aring;r S&ouml;ndag 24/2', 'Mora', NULL),
(71, 'ywxq0bcv1d', 21, 1360075658, 3, NULL, 'none', 1361815860, 0, 'active', 67, NULL, '&Ouml;ppetsp&aring;r M&aring;ndag 25/2', 'Mora', NULL),
(90, 'nfj2eu5se6', 32, 1360324907, 3, NULL, 'none', 1361583180, 0, 'active', 86, NULL, 'Tjejvasan 23/2', 'S&auml;len', NULL),
(91, 'stwcdt0dao', 33, 1360333438, 3, NULL, 'none', 1361836800, 0, 'active', 87, NULL, 'Halvvasan 26/2', 'Mora', NULL),
(92, 'ysq07tag3c', 34, 1360439405, 3, NULL, 'none', 1361583180, 0, 'active', 88, NULL, 'Tjejvasan 23/2', 'Mora', NULL),
(93, 'hr2opbpj60', 35, 1360446678, 3, NULL, 'none', 1361815860, 0, 'active', 89, 'Vanlig motion&auml;r som hoppas f&aring; finfin vallning av proffs. B&auml;st att ta b&auml;gge skidorna ifall ett par g&aring;r s&ouml;nder! Vi ses!', '&Ouml;ppetsp&aring;r M&aring;ndag 25/2', 'S&auml;len', NULL),
(94, 'fg052qq5ei', 36, 1360501960, 3, NULL, 'none', 1361583180, 0, 'active', 90, NULL, 'Tjejvasan 23/2', 'Mora', NULL),
(95, 'k8ldrz46hk', 37, 1360503351, 3, NULL, 'none', 1361583180, 0, 'active', 91, NULL, 'Tjejvasan 23/2', 'Mora', NULL),
(109, 'q48gneghsl', 51, 1360521032, 3, NULL, 'none', 1361815860, 0, 'active', 105, '&Auml;r en motion&auml;r som &aring;ker vasaloppet f&ouml;r f&ouml;rsta g&aring;ngen (beh&ouml;ver bra skidor) och siktar p&aring; under 6 timmar.  Mina skidor (solomon equipe9classic) har f&auml;stzoner inm&auml;tta vid ink&ouml;pstillf&auml;llet Jan-2013 i Orsa och &auml;r stenslipade vid ett tillf&auml;lle. L&auml;mnar in skidorna i S&auml;len efter 15:00 S&ouml;ndagen den 24:e februari.', '&Ouml;ppetsp&aring;r M&aring;ndag 25/2', 'S&auml;len', NULL),
(108, 'dj60ndxopo', 50, 1360520781, 3, NULL, 'none', 1361729640, 0, 'active', 104, NULL, '&Ouml;ppetsp&aring;r S&ouml;ndag 24/2', 'Mora', NULL),
(107, 'by18k5i21x', 49, 1360515623, 3, NULL, 'none', 1361729640, 0, 'active', 103, NULL, '&Ouml;ppetsp&aring;r S&ouml;ndag 24/2', 'Mora', NULL),
(106, 'sg8eyy1wx6', 48, 1360512152, 3, NULL, 'none', 1361729640, 0, 'active', 102, NULL, '&Ouml;ppetsp&aring;r S&ouml;ndag 24/2', 'Mora', NULL),
(110, 'mnslexr01d', 52, 1360570777, 3, NULL, 'none', 1362268800, 0, 'active', 106, NULL, 'Vasaloppet 3/3', 'S&auml;len', NULL),
(111, '5jvugbj4ym', 53, 1360573404, 3, NULL, 'none', 1361815860, 0, 'active', 107, NULL, '&Ouml;ppetsp&aring;r M&aring;ndag 25/2', 'S&auml;len', NULL),
(112, 'so6rv34vnb', 54, 1360574379, 3, NULL, 'none', 1361815860, 0, 'active', 108, NULL, '&Ouml;ppetsp&aring;r M&aring;ndag 25/2', 'S&auml;len', NULL),
(115, '5lmguic03z', 56, 1360575384, 3, NULL, 'none', 1361729640, 0, 'active', 111, NULL, '&Ouml;ppetsp&aring;r S&ouml;ndag 24/2', 'S&auml;len', NULL),
(116, 'oju87np43x', 57, 1360575580, 3, NULL, 'none', 1362268800, 0, 'active', 112, 'Vill ha hj&auml;lp med att m&auml;ta upp spannet', 'Vasaloppet 3/3', 'Mora', NULL),
(117, '1lqt23y5gm', 58, 1360600744, 3, NULL, 'none', 1361583180, 0, 'active', 113, NULL, 'Tjejvasan 23/2', 'Mora', NULL),
(118, 'rhzv1euozi', 59, 1360606770, 3, NULL, 'none', 1362268800, 0, 'active', 114, '&Auml;r f&ouml;re detta t&auml;vlings&aring;kare och &ouml;nskar det b&auml;sta :)', 'Vasaloppet 3/3', 'S&auml;len', NULL),
(119, 'jdn728z8q5', 60, 1360609796, 3, NULL, 'none', 1361583180, 0, 'active', 115, NULL, 'Tjejvasan 23/2', 'Mora', NULL),
(120, '0d4ytoz6m5', 61, 1360610166, 3, NULL, 'none', 1361815860, 0, 'active', 116, NULL, '&Ouml;ppetsp&aring;r M&aring;ndag 25/2', 'Mora', NULL),
(126, 'r2vorz3qbh', 62, 1360636771, 3, NULL, 'none', 1361729640, 0, 'active', 122, NULL, '&Ouml;ppetsp&aring;r S&ouml;ndag 24/2', 'Mora', NULL),
(127, '7enue5awja', 63, 1360654382, 3, NULL, 'none', 1361815860, 0, 'active', 123, NULL, '&Ouml;ppetsp&aring;r M&aring;ndag 25/2', 'S&auml;len', NULL),
(128, 'k2kn8r4a3w', 64, 1360664744, 3, NULL, 'none', 1362268800, 0, 'active', 124, 'Inl&auml;mning den 1-2/3', 'Vasaloppet 3/3', 'S&auml;len', NULL),
(131, 'jylxrdhv97', 67, 1360682248, 3, NULL, 'none', 1361729640, 0, 'active', 127, NULL, '&Ouml;ppetsp&aring;r S&ouml;ndag 24/2', 'Mora', NULL),
(132, 'jikr7tul0g', 68, 1360683642, 3, NULL, 'none', 1361729640, 0, 'active', 128, NULL, '&Ouml;ppetsp&aring;r S&ouml;ndag 24/2', 'Mora', NULL),
(133, 'e6qnql09g6', 69, 1360693761, 3, NULL, 'none', 1361729640, 0, 'active', 129, NULL, '&Ouml;ppetsp&aring;r S&ouml;ndag 24/2', 'S&auml;len', NULL),
(134, 'njfrne5i9s', 70, 1360698739, 3, NULL, 'none', 1361556600, 0, 'active', 130, NULL, 'Kortvasan 22/2', 'Mora', NULL),
(135, 'rzexqk4c6x', 71, 1360742944, 3, NULL, 'none', 1361729640, 0, 'active', 131, 'Ca 10 &aring;r gamla skidor som endast en g&aring;ng varit m&auml;ttade p&aring; glidytorna. T&auml;nkte nog ta kuzmin + racing vallapaketet f&ouml;r 1400 kr.', '&Ouml;ppetsp&aring;r S&ouml;ndag 24/2', 'S&auml;len', NULL),
(136, 'vvzakrifcv', 72, 1360747115, 3, NULL, 'none', 1361729640, 0, 'active', 132, NULL, '&Ouml;ppetsp&aring;r S&ouml;ndag 24/2', 'S&auml;len', NULL),
(137, '9byhddjwum', 73, 1360774043, 3, NULL, 'none', 1361836800, 0, 'active', 133, NULL, 'Halvvasan 26/2', 'Mora', NULL),
(138, 'hbtod2xbcf', 74, 1360775243, 3, NULL, 'none', 1361583180, 0, 'active', 134, NULL, 'Tjejvasan 23/2', 'Mora', NULL),
(139, 'ex8k6q7cra', 75, 1360784017, 3, NULL, 'none', 1361583180, 0, 'active', 135, NULL, 'Tjejvasan 23/2', 'Mora', NULL),
(140, 'v4ah182pea', 76, 1360786671, 3, NULL, 'none', 1361729640, 0, 'active', 136, NULL, '&Ouml;ppetsp&aring;r S&ouml;ndag 24/2', 'S&auml;len', NULL),
(141, 'n1ah279spf', 77, 1360827215, 3, NULL, 'none', 1361729640, 0, 'active', 137, NULL, '&Ouml;ppetsp&aring;r S&ouml;ndag 24/2', 'S&auml;len', NULL),
(142, 'ichmi1awrf', 78, 1360837896, 3, NULL, 'none', 1361815860, 0, 'active', 138, NULL, '&Ouml;ppetsp&aring;r M&aring;ndag 25/2', 'Mora', NULL),
(143, 'ekfe02lz5p', 79, 1360859293, 3, NULL, 'none', 1361729640, 0, 'active', 139, NULL, '&Ouml;ppetsp&aring;r S&ouml;ndag 24/2', 'S&auml;len', NULL),
(144, 'ex23ijzud1', 80, 1360865852, 3, '', 'none', 1361729640, 0, 'active', 140, 'L&auml;mnar l&ouml;rdag, uth&auml;mtning s&ouml;ndag, (&auml;ndring enl mail)', '&Ouml;ppetsp&aring;r S&ouml;ndag 24/2', 'S&auml;len', NULL),
(145, 'gizutlqexz', 81, 1360867902, 3, NULL, 'none', 1361729640, 0, 'active', 141, NULL, '&Ouml;ppetsp&aring;r S&ouml;ndag 24/2', 'S&auml;len', NULL),
(146, '70skj9znt8', 82, 1360912320, 3, NULL, 'none', 1361729640, 0, 'active', 142, NULL, '&Ouml;ppetsp&aring;r S&ouml;ndag 24/2', 'S&auml;len', NULL),
(147, 'tgr215goos', 83, 1360913079, 3, NULL, 'none', 1361583180, 0, 'active', 143, NULL, 'Tjejvasan 23/2', 'S&auml;len', NULL),
(148, 'elz9h6twsv', 84, 1360914108, 3, NULL, 'none', 1361583180, 0, 'active', 144, NULL, 'Tjejvasan 23/2', 'Mora', NULL),
(150, 'sij2uifdma', 85, 1360924303, 3, NULL, 'none', 1361729640, 0, 'active', 146, NULL, '&Ouml;ppetsp&aring;r S&ouml;ndag 24/2', 'Mora', NULL),
(151, 'acu3uo5hsp', 86, 1360925200, 3, NULL, 'none', 1361729640, 0, 'active', 147, NULL, '&Ouml;ppetsp&aring;r S&ouml;ndag 24/2', 'S&auml;len', NULL),
(152, 'dvp2o4een8', 87, 1360926062, 3, NULL, 'none', 1361729640, 0, 'active', 148, NULL, '&Ouml;ppetsp&aring;r S&ouml;ndag 24/2', 'S&auml;len', NULL),
(153, '7fugpaby8r', 88, 1360942687, 3, NULL, 'none', 1361729640, 0, 'active', 149, NULL, '&Ouml;ppetsp&aring;r S&ouml;ndag 24/2', 'Mora', NULL),
(154, 'jtota1b3rg', 89, 1360946552, 3, NULL, 'none', 1361815860, 0, 'active', 150, NULL, '&Ouml;ppetsp&aring;r M&aring;ndag 25/2', 'S&auml;len', NULL),
(155, 'xgtp19s84o', 90, 1360948434, 3, NULL, 'none', 1361729640, 0, 'active', 151, NULL, '&Ouml;ppetsp&aring;r S&ouml;ndag 24/2', 'Mora', NULL),
(156, '1zghhw56qu', 91, 1360949019, 3, NULL, 'none', 1361583180, 0, 'active', 152, NULL, 'Tjejvasan 23/2', 'Mora', NULL),
(157, 'vfemyv6h4g', 92, 1360954824, 3, NULL, 'none', 1362268800, 0, 'active', 153, NULL, 'Vasaloppet 3/3', 'Mora', NULL),
(158, 'd7etyr88a9', 93, 1361012360, 3, NULL, 'none', 1361729640, 0, 'active', 154, 'Vallning efter behov och inr&aring;dan fr&aring;n er.', '&Ouml;ppetsp&aring;r S&ouml;ndag 24/2', 'S&auml;len', NULL),
(159, 'kk8zssm79f', 94, 1361013371, 3, NULL, 'none', 1361583180, 0, 'active', 155, 'H&auml;mtar g&auml;rna skidorna vid starten Oxberg.', 'Tjejvasan 23/2', 'Mora', NULL),
(167, '1bz2c3r2f9', 95, 1361022052, 3, NULL, 'none', 1361583180, 0, 'active', 163, NULL, 'Tjejvasan 23/2', 'Mora', NULL),
(168, 'd8zfqxv46o', 96, 1361023857, 3, NULL, 'none', 1361729640, 0, 'active', 164, 'Inga', '&Ouml;ppetsp&aring;r S&ouml;ndag 24/2', 'S&auml;len', NULL),
(169, '1p2fgtoxlm', 97, 1361024906, 3, NULL, 'none', 1361815860, 0, 'active', 165, NULL, '&Ouml;ppetsp&aring;r M&aring;ndag 25/2', 'Mora', NULL),
(170, '5v5o4wbpso', 98, 1361032475, 3, NULL, 'none', 1361556600, 0, 'active', 166, 'vi kommer med t&aring;get till Mora 19.34\r\nspann beh&ouml;ver m&auml;tas p&aring; ett par\r\nMotion 1 eller 2 p&aring; ett par\r\nenbart f&auml;ste p&aring; ett par', 'Kortvasan 22/2', 'Mora', NULL),
(171, 'vpgq892k65', 99, 1361084913, 3, NULL, 'none', 1361815860, 0, 'active', 167, NULL, '&Ouml;ppetsp&aring;r M&aring;ndag 25/2', 'S&auml;len', NULL),
(172, 'qt6t4ebmp2', 100, 1361095992, 3, NULL, 'none', 1362268800, 0, 'active', 168, NULL, 'Vasaloppet 3/3', 'S&auml;len', NULL),
(173, 'iqbfu8cnju', 101, 1361100886, 3, NULL, 'none', 1361729640, 0, 'active', 169, NULL, '&Ouml;ppetsp&aring;r S&ouml;ndag 24/2', 'S&auml;len', NULL),
(174, '849zjusgac', 102, 1361101284, 3, NULL, 'none', 1361729640, 0, 'active', 170, NULL, '&Ouml;ppetsp&aring;r S&ouml;ndag 24/2', 'Mora', NULL),
(175, 'k7oq0gybeg', 103, 1361114321, 3, NULL, 'none', 1361815860, 0, 'active', 171, NULL, '&Ouml;ppetsp&aring;r M&aring;ndag 25/2', 'S&auml;len', NULL),
(176, '6vtoxdr5yu', 104, 1361114853, 3, NULL, 'none', 1361729640, 0, 'active', 172, NULL, '&Ouml;ppetsp&aring;r S&ouml;ndag 24/2', 'S&auml;len', NULL),
(177, 'bghd8g3c2x', 105, 1361119411, 3, NULL, 'none', 1361729640, 0, 'active', 173, NULL, '&Ouml;ppetsp&aring;r S&ouml;ndag 24/2', 'Mora', NULL),
(178, 't44e25w29z', 106, 1361121651, 3, NULL, 'none', 1361729640, 0, 'active', 174, NULL, '&Ouml;ppetsp&aring;r S&ouml;ndag 24/2', 'Mora', NULL),
(179, 'ndduht1o1o', 107, 1361124493, 3, NULL, 'none', 1361729640, 0, 'active', 175, NULL, '&Ouml;ppetsp&aring;r S&ouml;ndag 24/2', 'S&auml;len', NULL),
(180, 'i59tgrmgkj', 108, 1361124652, 3, '', 'none', 1361583180, 0, 'active', 177, '', 'Tjejvasan 23/2', 'S&auml;len', NULL),
(208, 'rez5kodypc', 136, 1361274325, 3, NULL, 'none', 1361729640, 0, 'active', 204, NULL, '&Ouml;ppetsp&aring;r S&ouml;ndag 24/2', 'Mora', NULL),
(182, 'eu1ja7rpgi', 110, 1361131218, 3, NULL, 'none', 1361583180, 0, 'active', 178, 'Kommer till Mora mellan 18-19 p&aring; fredagskv&auml;llen 22/2. Funkar det? &Aring;ker n&auml;mligen buss.', 'Tjejvasan 23/2', 'Mora', NULL),
(183, 'gri12mem5l', 111, 1361134915, 3, NULL, 'none', 1361729640, 0, 'active', 179, NULL, '&Ouml;ppetsp&aring;r S&ouml;ndag 24/2', 'S&auml;len', NULL),
(184, 'yyqluhdgil', 112, 1361138419, 3, NULL, 'none', 1361729640, 0, 'active', 180, 'Kommer in med skidorna troligen runt 15.00.\r\nMina skidor blev precis stenslipade p&aring; cykel o skidst&auml;llet i uppsala s&aring; dom har viss struktur men jag tror jag vill ha kuzmin sickling  + f&auml;ste + ev. ngt mer.', '&Ouml;ppetsp&aring;r S&ouml;ndag 24/2', 'S&auml;len', NULL),
(185, 'el41wn4x5h', 113, 1361139369, 3, NULL, 'none', 1362268800, 0, 'active', 181, NULL, 'Vasaloppet 3/3', 'S&auml;len', NULL),
(186, 'wkdqn2m009', 114, 1361174169, 3, NULL, 'none', 1361583180, 0, 'active', 182, NULL, 'Tjejvasan 23/2', 'Mora', NULL),
(187, '8x6pmc341e', 115, 1361179593, 3, NULL, 'none', 1361815860, 0, 'active', 183, NULL, '&Ouml;ppetsp&aring;r M&aring;ndag 25/2', 'Mora', NULL),
(188, 'dkoxvifsp1', 116, 1361183605, 3, NULL, 'none', 1361583180, 0, 'active', 184, 'Nyb&ouml;rjare. Skidor k&ouml;pta i november, &aring;kt ca 12 g&aring;nger. Jag g&ouml;r rent dom innan jag &aring;ker upp med valla v&auml;ck. Vill s&aring;klart, som alla andra, ha s&aring; bra f&auml;ste och glid som m&ouml;jligt under loppet :-) Jag startar 11:45', 'Tjejvasan 23/2', 'Mora', NULL),
(189, 'xbhbpwsfv0', 117, 1361185958, 3, NULL, 'none', 1361583180, 0, 'active', 185, NULL, 'Tjejvasan 23/2', 'Mora', NULL),
(190, 'ybjps8taa6', 118, 1361187789, 3, NULL, 'none', 1361729640, 0, 'active', 186, NULL, '&Ouml;ppetsp&aring;r S&ouml;ndag 24/2', 'Mora', NULL),
(191, 'pek01z7kma', 119, 1361189050, 3, NULL, 'none', 1361729640, 0, 'active', 187, NULL, '&Ouml;ppetsp&aring;r S&ouml;ndag 24/2', 'S&auml;len', NULL),
(192, '4kbxhqaw5h', 120, 1361193912, 3, NULL, 'none', 1361729640, 0, 'active', 188, NULL, '&Ouml;ppetsp&aring;r S&ouml;ndag 24/2', 'Mora', NULL),
(193, '6bs3e7f0in', 121, 1361194061, 3, NULL, 'none', 1361729640, 0, 'active', 189, NULL, '&Ouml;ppetsp&aring;r S&ouml;ndag 24/2', 'S&auml;len', NULL),
(194, 'ypksz56qeg', 122, 1361194532, 3, NULL, 'none', 1361815860, 0, 'active', 190, NULL, '&Ouml;ppetsp&aring;r M&aring;ndag 25/2', 'S&auml;len', NULL),
(195, '5ipy37uv4b', 123, 1361194598, 3, NULL, 'none', 1361729640, 0, 'active', 191, NULL, '&Ouml;ppetsp&aring;r S&ouml;ndag 24/2', 'Mora', NULL),
(196, '571hgiq3cj', 124, 1361197436, 3, NULL, 'none', 1362268800, 0, 'active', 192, NULL, 'Vasaloppet 3/3', 'S&auml;len', NULL),
(197, 'ft7yhh1pby', 125, 1361198161, 3, NULL, 'none', 1362268800, 0, 'active', 193, NULL, 'Vasaloppet 3/3', 'Mora', NULL),
(198, 'qj0mp6wuga', 126, 1361198966, 3, NULL, 'none', 1361815860, 0, 'active', 194, NULL, '&Ouml;ppetsp&aring;r M&aring;ndag 25/2', 'Mora', NULL),
(199, '751pke2w20', 127, 1361204784, 3, NULL, 'none', 1362268800, 0, 'active', 195, NULL, 'Vasaloppet 3/3', 'S&auml;len', NULL),
(200, 'rwcvz29q5o', 128, 1361205052, 3, NULL, 'none', 1361729640, 0, 'active', 196, NULL, '&Ouml;ppetsp&aring;r S&ouml;ndag 24/2', 'S&auml;len', NULL),
(201, 'afl97n9lh5', 129, 1361208355, 3, NULL, 'none', 1361556600, 0, 'active', 197, NULL, 'Kortvasan 22/2', 'Mora', NULL),
(202, '0iecexuh1f', 130, 1361217783, 3, NULL, 'none', 1361556600, 0, 'active', 198, NULL, 'Kortvasan 22/2', 'Mora', NULL),
(203, 'jdl3oa8yii', 131, 1361218775, 3, NULL, 'none', 1361729640, 0, 'active', 199, NULL, '&Ouml;ppetsp&aring;r S&ouml;ndag 24/2', 'S&auml;len', NULL),
(204, 'b1ll9m90g2', 132, 1361220287, 3, NULL, 'none', 1361729640, 0, 'active', 200, NULL, '&Ouml;ppetsp&aring;r S&ouml;ndag 24/2', 'Mora', NULL),
(205, 'lw4xczss5i', 133, 1361222061, 3, NULL, 'none', 1361815860, 0, 'active', 201, NULL, '&Ouml;ppetsp&aring;r M&aring;ndag 25/2', 'S&auml;len', NULL),
(206, '32xlmwn1yu', 134, 1361223506, 3, NULL, 'none', 1361583180, 0, 'active', 202, NULL, 'Tjejvasan 23/2', 'S&auml;len', NULL),
(209, 'xx5mlcih3q', 137, 1361274973, 3, '', 'approved', 1362268800, 0, 'active', 205, '', 'Vasaloppet 3/3', 'S&auml;len', ''),
(210, 'jmsxqi6fmb', 138, 1361281122, 3, NULL, 'none', 1361729640, 0, 'active', 206, NULL, '&Ouml;ppetsp&aring;r S&ouml;ndag 24/2', 'S&auml;len', NULL),
(211, 'e3u52xuho7', 139, 1361294035, 3, NULL, 'none', 1361815860, 0, 'active', 207, NULL, '&Ouml;ppetsp&aring;r M&aring;ndag 25/2', 'S&auml;len', NULL),
(212, 'gzl941rupa', 140, 1361302915, 3, NULL, 'none', 1361815860, 0, 'active', 208, NULL, '&Ouml;ppetsp&aring;r M&aring;ndag 25/2', 'Mora', NULL),
(213, '37bqoom9pc', 141, 1361305492, 3, NULL, 'none', 1361729640, 0, 'active', 209, NULL, '&Ouml;ppetsp&aring;r S&ouml;ndag 24/2', 'S&auml;len', NULL),
(214, '86w9heobfc', 142, 1361310567, 3, NULL, 'none', 1361836800, 0, 'active', 210, NULL, 'Halvvasan 26/2', 'Mora', NULL),
(215, 'jmnjw4r1rc', 143, 1361347269, 3, NULL, 'none', 1361729640, 0, 'active', 211, NULL, '&Ouml;ppetsp&aring;r S&ouml;ndag 24/2', 'S&auml;len', NULL),
(216, 'bvsao32p3h', 144, 1361350604, 3, NULL, 'none', 1361583180, 0, 'active', 212, NULL, 'Tjejvasan 23/2', 'S&auml;len', NULL),
(229, 'tyh5ow1ke4', 157, 1361385963, 3, NULL, 'none', 1361729640, 0, 'active', 225, 'Troligen enbart f&auml;stvalla. Vi markerar f&auml;stzon tydligt.', '&Ouml;ppetsp&aring;r S&ouml;ndag 24/2', 'Mora', NULL),
(228, 'lk48ftbexq', 156, 1361381875, 3, NULL, 'none', 1361729640, 0, 'active', 224, NULL, '&Ouml;ppetsp&aring;r S&ouml;ndag 24/2', 'Mora', NULL),
(219, '8aohc9uxqg', 147, 1361350888, 3, NULL, 'none', 1361729640, 0, 'active', 215, NULL, '&Ouml;ppetsp&aring;r S&ouml;ndag 24/2', 'Mora', NULL),
(220, '0lkbwnge6t', 148, 1361352210, 3, NULL, 'none', 1362268800, 0, 'active', 216, NULL, 'Vasaloppet 3/3', 'S&auml;len', NULL),
(221, 'hsfyr1pmz1', 149, 1361352963, 3, NULL, 'none', 1361583180, 0, 'active', 217, NULL, 'Tjejvasan 23/2', 'Mora', NULL),
(222, 'pqav915ent', 150, 1361353752, 3, NULL, 'none', 1361729640, 0, 'active', 218, 'Jag har behov av att f&aring; spannet kontrollm&auml;tt och m&auml;rkt innan vallningen.', '&Ouml;ppetsp&aring;r S&ouml;ndag 24/2', 'Mora', NULL),
(223, '0rr7bqxotv', 151, 1361353845, 3, NULL, 'none', 1362268800, 0, 'active', 219, NULL, 'Vasaloppet 3/3', 'S&auml;len', NULL),
(224, 'wk2awxlm04', 152, 1361358127, 3, NULL, 'none', 1361729640, 0, 'active', 220, NULL, '&Ouml;ppetsp&aring;r S&ouml;ndag 24/2', 'S&auml;len', NULL),
(226, '3hvc4bf9o9', 154, 1361368019, 3, NULL, 'none', 1361583180, 0, 'active', 222, NULL, 'Tjejvasan 23/2', 'Mora', NULL),
(227, 'oj4578oanw', 155, 1361371053, 3, NULL, 'none', 1362268800, 0, 'active', 223, 'Zoner utm&auml;rkt f&ouml;r burkvalla och klister.\r\n&Aring;ktid ca 6.5 timmar', 'Vasaloppet 3/3', 'S&auml;len', NULL),
(231, 'jweqo82nir', 159, 1361394025, 3, NULL, 'none', 1361583180, 0, 'active', 227, NULL, 'Tjejvasan 23/2', 'Mora', NULL),
(232, 'odgofhwco7', 160, 1361394499, 3, NULL, 'none', 1361729640, 0, 'active', 228, NULL, '&Ouml;ppetsp&aring;r S&ouml;ndag 24/2', 'S&auml;len', NULL),
(233, 'ipebo1fgiv', 161, 1361396278, 3, '', 'none', 1394820600, 0, 'completed', 229, '', 'Kortvasan 22/2', 'S&auml;len', NULL),
(234, 'abynsiup47', 162, 1361431463, 3, NULL, 'none', 1361836800, 0, 'active', 230, NULL, 'Halvvasan 26/2', 'S&auml;len', NULL),
(235, 'ku2jdi0m94', 163, 1361442889, 3, NULL, 'none', 1362268800, 0, 'active', 231, NULL, 'Vasaloppet 3/3', 'S&auml;len', NULL),
(236, 'c3frgy6fv4', 164, 1361445164, 3, NULL, 'none', 1361729640, 0, 'active', 232, NULL, '&Ouml;ppetsp&aring;r S&ouml;ndag 24/2', 'S&auml;len', NULL),
(237, 'vfiqcgekxj', 165, 1361447013, 3, NULL, 'none', 1361729640, 0, 'active', 233, NULL, '&Ouml;ppetsp&aring;r S&ouml;ndag 24/2', 'Mora', NULL),
(238, 'zob2gnj6ql', 166, 1361461505, 3, NULL, 'none', 1361836800, 0, 'active', 234, NULL, 'Halvvasan 26/2', 'Mora', NULL),
(259, 'aumt4y4vqy', 187, 1361820097, 3, NULL, 'none', NULL, 0, 'active', 255, NULL, 'Vasaloppet 3/3', 'S&auml;len', NULL),
(242, 'ab7q0r90yq', 170, 1361515672, 3, NULL, 'none', NULL, 0, 'active', 238, 'Jag kommer att komma upp runt 19-20 ikv&auml;ll, &auml;r ni kvar eller blir det problem?? H&ouml;r g&auml;rna av er d&aring; jag helt gl&ouml;mt bort att boka! Tack p&aring; f&ouml;rhand', 'Tjejvasan 23/2', 'Mora', NULL),
(239, 'o9whc0oisq', 167, 1361472345, 3, NULL, 'none', NULL, 0, 'active', 235, NULL, '&Ouml;ppetsp&aring;r S&ouml;ndag 24/2', 'Mora', NULL),
(240, 'icdls38mj2', 168, 1361477021, 3, NULL, 'none', NULL, 0, 'active', 236, '93 kg. halv vasan ca. 2 timmar och 45 min. Generellt b&auml;ttre p&aring; att staka &auml;n att diagonala.', 'Halvvasan 26/2', 'S&auml;len', NULL),
(241, 'dgcmvc9w8k', 169, 1361477954, 3, '', 'none', 1361828880, 0, 'active', 237, 'Vi vill ha glid + f&auml;ste men vet inte vilket paket. Vi kan inte komma med skidorna f&ouml;rr&auml;n sent s&ouml;ndag kv&auml;ll eftersom en av oss kommer till Mora med flyg kl 19. Hoppas det &auml;r ok?! Vi knackar p&aring; om ni har st&auml;ngt... :-)\r\nMVH\r\nKarin Eskilson', '&Ouml;ppetsp&aring;r M&aring;ndag 25/2', 'S&auml;len', NULL),
(243, '8lnunco35r', 171, 1361518169, 3, NULL, 'none', NULL, 0, 'active', 239, 'V&auml;ger 80 kg med kl&auml;derna p&aring;!\r\nber&auml;knad &aring;ktid 3.5 tim.', 'Tjejvasan 23/2', 'Mora', NULL),
(244, 'cadh6bm8lo', 172, 1361523092, 3, NULL, 'none', NULL, 0, 'active', 240, NULL, '&Ouml;ppetsp&aring;r M&aring;ndag 25/2', 'S&auml;len', NULL),
(245, 'y8eam88fnk', 173, 1361524857, 3, NULL, 'none', NULL, 0, 'active', 241, NULL, '&Ouml;ppetsp&aring;r M&aring;ndag 25/2', 'Mora', NULL),
(246, 'gyn5yzwjvp', 174, 1361525334, 3, NULL, 'none', NULL, 0, 'active', 242, NULL, '&Ouml;ppetsp&aring;r S&ouml;ndag 24/2', 'S&auml;len', NULL),
(247, 'rf29l2mirf', 175, 1361526755, 3, NULL, 'none', NULL, 0, 'active', 243, NULL, '&Ouml;ppetsp&aring;r S&ouml;ndag 24/2', 'S&auml;len', NULL),
(248, 'wdam3xcof5', 176, 1361540654, 3, NULL, 'none', NULL, 0, 'active', 244, NULL, '&Ouml;ppetsp&aring;r M&aring;ndag 25/2', 'S&auml;len', NULL),
(249, 'znu8fa50a7', 177, 1361541198, 3, NULL, 'none', NULL, 0, 'active', 245, NULL, '&Ouml;ppetsp&aring;r S&ouml;ndag 24/2', 'S&auml;len', NULL),
(250, 'es3mvgio9w', 178, 1361548149, 3, NULL, 'none', NULL, 0, 'active', 246, NULL, 'Halvvasan 26/2', 'S&auml;len', NULL),
(251, '6gx307pzww', 179, 1361548500, 3, NULL, 'none', NULL, 0, 'active', 247, NULL, 'Tjejvasan 23/2', 'Mora', NULL),
(252, '8te0tlk81x', 180, 1361559774, 3, NULL, 'none', NULL, 0, 'active', 248, NULL, '&Ouml;ppetsp&aring;r S&ouml;ndag 24/2', 'Mora', NULL),
(253, 'gtghypw21t', 181, 1361561393, 3, NULL, 'none', NULL, 0, 'active', 249, NULL, '&Ouml;ppetsp&aring;r S&ouml;ndag 24/2', 'S&auml;len', NULL),
(254, 'zsu4b1u7aw', 182, 1361562155, 3, NULL, 'none', NULL, 0, 'active', 250, 'Diskutera med er vid inl&auml;mning samt eventuellt m&aring;tt av spann', '&Ouml;ppetsp&aring;r S&ouml;ndag 24/2', 'Mora', NULL),
(255, 'rncd0b2jkp', 183, 1361569271, 3, NULL, 'none', NULL, 0, 'active', 251, 'Jag tror att mitt spann &auml;r felm&auml;tt. &Ouml;nskar g&auml;rna hj&auml;lp med detta.\r\n\r\nMvh', '&Ouml;ppetsp&aring;r M&aring;ndag 25/2', 'Mora', NULL),
(256, 'pojuljvp1x', 184, 1361571185, 3, NULL, 'none', NULL, 0, 'active', 252, 'Skidorna &auml;r Kuzmin sicklade i veckan s&aring; de ska vara rena och klara f&ouml;r f&auml;stvalla 1Par Fischer RCS och 1par Fischer Carbon Lite', '&Ouml;ppetsp&aring;r S&ouml;ndag 24/2', 'S&auml;len', NULL),
(257, 'qokq4b7nph', 185, 1361608521, 3, NULL, 'none', NULL, 0, 'active', 253, NULL, '&Ouml;ppetsp&aring;r S&ouml;ndag 24/2', 'S&auml;len', NULL),
(258, 'ips9w52x7z', 186, 1361632954, 3, NULL, 'none', NULL, 0, 'active', 254, NULL, '&Ouml;ppetsp&aring;r M&aring;ndag 25/2', 'Mora', NULL),
(260, 'd31d164eye', 188, 1361828607, 3, NULL, 'none', NULL, 0, 'active', 256, 'Vill  h&auml;mta ut skidorna i S&auml;len.', 'Vasaloppet 3/3', 'Mora', NULL),
(261, 'd22kg4gahr', 189, 1361829540, 3, '', 'none', 1362568440, 0, 'active', 257, 'Fy f&ouml;r era metoder att lura en gammal dam av hennes hus och fastighet med ett tvivelaktigt hyresavtal.', 'Vasaloppet 3/3', 'S&auml;len', NULL),
(262, 'u1bdkce82j', 190, 1361829677, 3, '', 'none', 1362568440, 0, 'active', 258, 'Flytta fr&aring;n G&aring;rden', 'Halvvasan 26/2', 'S&auml;len', NULL),
(263, '1h2z70tgmy', 191, 1361920585, 3, NULL, 'none', NULL, 0, 'active', 259, NULL, 'Vasaloppet 3/3', 'S&auml;len', NULL),
(264, '75dzfus1yi', 192, 1361990862, 3, NULL, 'none', NULL, 0, 'active', 260, NULL, 'Vasaloppet 3/3', 'S&auml;len', NULL),
(265, 'hzpxocbdje', 1, 1365858056, 1, 'Solrosgatan 2A 58249 Link&ouml;ping', 'completed', 1365865200, 1, 'invoice', 261, 'Ge grabben en kex ocks&aring;!', '', '', ''),
(266, 'ezzwzrh5gs', 193, 1371483679, 3, '', 'approved', 1371483540, 1, 'active', 246, '', '', '', '');

-- --------------------------------------------------------

--
-- Tabellstruktur `prices`
--

CREATE TABLE IF NOT EXISTS `prices` (
  `price_id` int(11) NOT NULL AUTO_INCREMENT,
  `price` float NOT NULL,
  `unit` text NOT NULL,
  `vat` float NOT NULL,
  `date` int(15) NOT NULL,
  PRIMARY KEY (`price_id`)
) ENGINE=MyISAM  DEFAULT CHARSET=latin1 AUTO_INCREMENT=198 ;

--
-- Dumpning av Data i tabell `prices`
--

INSERT INTO `prices` (`price_id`, `price`, `unit`, `vat`, `date`) VALUES
(1, 1120, 'st', 25, 1358792867),
(2, 560, 'st', 25, 1358936332),
(3, 640, 'st', 25, 1358936436),
(4, 800, 'st', 25, 1358936544),
(5, 1120, 'st', 25, 1358936636),
(6, 800, 'st', 25, 1358936808),
(7, 440, 'st', 25, 1358936867),
(8, 360, 'st', 25, 1358937003),
(9, 360, 'st', 25, 1358937070),
(10, 200, 'st', 25, 1358937144),
(11, 200, 'st', 25, 1358937190),
(12, 160, 'st', 25, 1358937283),
(13, 560, 'st', 25, 1359106477),
(14, 640, 'st', 25, 1359106563),
(15, 800, 'st', 25, 1359106690),
(16, 1120, 'st', 25, 1359106808),
(17, 800, 'st', 25, 1359106881),
(18, 440, 'st', 25, 1359106920),
(19, 360, 'st', 25, 1359107045),
(20, 360, 'st', 25, 1359107136),
(21, 200, 'st', 25, 1359107175),
(22, 160, 'st', 25, 1359107204),
(23, 800, 'st', 25, 1359107222),
(24, 160, 'st', 25, 1359107243),
(25, 0, 'st', 25, 1359137408),
(26, 560, 'st', 25, 1359193542),
(27, 640, 'st', 25, 1359193584),
(28, 560, 'st', 25, 1359193623),
(29, 800, 'st', 25, 1359193718),
(30, 1120, 'st', 25, 1359193749),
(31, 560, 'st', 25, 1359193769),
(32, 560, 'st', 25, 1359193791),
(33, 560, 'st', 25, 1359204755),
(34, 640, 'st', 25, 1359204814),
(35, 800, 'st', 25, 1359204850),
(36, 1120, 'st', 25, 1359204879),
(37, 560, 'st', 25, 1359205962),
(38, 640, 'st', 25, 1359205998),
(39, 800, 'st', 25, 1359206017),
(40, 1120, 'st', 25, 1359206042),
(41, 560, 'st', 25, 1359206099),
(42, 640, 'st', 25, 1359206117),
(43, 800, 'st', 25, 1359206151),
(44, 1120, 'st', 25, 1359206302),
(45, 1120, 'st', 25, 1359213882),
(46, 800, 'st', 25, 1359213918),
(47, 160, 'st', 25, 1359214509),
(48, 0, 'st', 25, 1359505614),
(49, 0, 'st', 25, 1359505647),
(50, 0, 'st', 25, 1359535175),
(51, 0, 'st', 25, 1359537511),
(52, 0, 'st', 25, 1359537563),
(53, 0, 'st', 25, 1359537626),
(54, 0, 'st', 25, 1359548292),
(55, 560, 'st', 25, 1359548303),
(56, 640, 'st', 25, 1359548311),
(57, 800, 'st', 25, 1359548318),
(58, 0, 'st', 25, 1359548320),
(59, 1120, 'st', 25, 1359548329),
(60, 800, 'st', 25, 1359548335),
(61, 160, 'st', 25, 1359548342),
(62, 440, 'st', 25, 1359548351),
(63, 360, 'st', 25, 1359548358),
(64, 360, 'st', 25, 1359548366),
(65, 0, 'st', 25, 1359548415),
(66, 0, 'st', 25, 1359548537),
(67, 560, 'st', 25, 1359548609),
(68, 640, 'st', 25, 1359548636),
(69, 640, 'st', 25, 1359548652),
(70, 800, 'st', 25, 1359548671),
(71, 1120, 'st', 25, 1359548694),
(72, 560, 'st', 25, 1359549192),
(73, 640, 'st', 25, 1359549207),
(74, 800, 'st', 25, 1359549231),
(75, 1120, 'st', 25, 1359549252),
(76, 0, 'st', 25, 1359564208),
(77, 0, 'st', 25, 1359564475),
(78, 0, 'st', 25, 1359564516),
(79, 0, 'st', 25, 1359564598),
(80, 0, 'st', 25, 1359564616),
(81, 800, 'st', 25, 1360054107),
(82, 1120, 'st', 25, 1360054840),
(83, 1120, 'st', 25, 1360054841),
(84, 1920, 'st', 25, 1360323032),
(85, 1920, 'st', 25, 1360323371),
(86, 1920, 'st', 25, 1360323453),
(87, 1920, 'st', 25, 1360323581),
(88, 1920, 'st', 25, 1360323639),
(89, 480, 'st', 25, 1360484468),
(90, 480, 'st', 25, 1361432225),
(91, 800, 'st', 25, 1361432320),
(92, 480, 'st', 25, 1361432359),
(93, 396, 'kr', 25, 1362069706),
(94, 995, 'st', 25, 1362677984),
(95, 349, 'kg', 0, 1362733888),
(96, 495, 'kg', 0, 1362733989),
(97, 349, 'kg', 12.5, 1362949152),
(98, 495, 'kg', 12.5, 1362949160),
(99, 7000, 'st', 25, 1363002489),
(100, 5600, 'st', 25, 1363002806),
(101, 1195, 'st', 25, 1363168218),
(102, 2200, 'st', 25, 1363168300),
(103, 2200, 'st', 25, 1363168634),
(104, 1995, 'St', 25, 1363168861),
(105, 1995, 'St', 25, 1363168899),
(106, 895, 'st', 25, 1363169254),
(107, 2800, 'st', 25, 1363169604),
(108, 2200, 'st', 25, 1363169635),
(109, 2800, 'st', 25, 1363169655),
(110, 645, 'st', 25, 1363177068),
(111, 1090, 'st', 25, 1363183784),
(112, 250, 'timme', 25, 1363186068),
(113, 500, 'st', 25, 1363186141),
(114, 250, 'timme', 25, 1363186169),
(115, 250, 'tim', 25, 1363186199),
(116, 100, 'meter', 25, 1363187513),
(117, 100, 'meter', 25, 1363187620),
(118, 100, 'meter', 25, 1363187650),
(119, 250, 'tim', 25, 1363284580),
(120, 350, 'Tim', 25, 1363285347),
(121, 700, 'Tim', 25, 1363285475),
(122, 350, 'Tim', 25, 1363285561),
(123, 380, 'Tim', 25, 1363285589),
(124, 30, 'mil', 25, 1363293172),
(125, 15, 'liter', 25, 1363589661),
(126, 350, 'tim', 25, 1363728399),
(127, 350, 'Tim', 25, 1363728468),
(128, 80000, 'st', 25, 1363728639),
(129, 2500, 'month', 25, 1363762009),
(130, 2000, 'month', 25, 1363763212),
(131, 300, 'Tim', 25, 1363767003),
(132, 300, 'tim', 25, 1363767028),
(133, 2500, 'month', 25, 1363767820),
(134, 2500, 'month', 25, 1363767860),
(135, 1000, 'Month', 25, 1363768111),
(136, 2500, 'month', 25, 1363769023),
(137, 2500, 'month', 25, 1363769071),
(138, 80000, 'st', 25, 1364365032),
(139, 80000, 'st', 25, 1364365305),
(140, 80000, 'st', 25, 1364365355),
(141, 380, 'tim', 25, 1366725744),
(142, 19346, 'st', 25, 1367249860),
(143, 800, 'st', 25, 1369646311),
(144, 490, 'tim', 25, 1369650531),
(145, 720, 'st', 25, 1369650897),
(146, 490, 'tim', 25, 1369650978),
(147, 3200, 'st', 25, 1369651019),
(148, 300, 'st', 25, 1369651176),
(149, 2639, 'st', 25, 1369651265),
(150, 880, 'st', 25, 1369651324),
(151, 490, 'tim', 25, 1369651378),
(152, 400, 'st', 25, 1369651418),
(153, 490, 'tim', 25, 1369651479),
(154, 490, 'tim', 25, 1369651481),
(155, 490, 'tim', 25, 1369651568),
(156, 490, 'tim ', 25, 1369651607),
(157, 490, 'tim', 25, 1369651686),
(158, 1100, 'st', 25, 1369651737),
(159, 400, 'dag', 25, 1369651930),
(160, 490, 'tim', 25, 1369651973),
(161, 460, 'st', 25, 1369652016),
(162, 490, 'tim', 25, 1369652077),
(163, 900, 'st', 25, 1369652129),
(164, 500, 'st', 25, 1369652200),
(165, 500, 'st', 25, 1369652264),
(166, 3000, 'st', 25, 1369652344),
(167, 490, 'tim', 25, 1369652452),
(168, 2.8, 'kg', 25, 1369652544),
(169, 490, 'tim', 25, 1369652596),
(170, 300, 'Dunk', 25, 1369652800),
(171, 490, 'tim', 25, 1369654521),
(172, 30, 'mil', 25, 1369654594),
(173, 490, 'tim', 25, 1369654681),
(174, 30, 'mil', 25, 1369654737),
(175, 30, 'mil', 25, 1369654800),
(176, 150, 'st', 25, 1369654871),
(177, 490, 'tim', 25, 1369654946),
(178, 30, 'mil', 25, 1369654996),
(179, 490, 'tim', 25, 1369656394),
(180, 490, 'tim', 25, 1369656669),
(181, 490, 'tim', 25, 1369657783),
(182, 490, 'tim', 25, 1369657855),
(183, 490, 'tim', 25, 1369657920),
(184, 490, 'tim', 25, 1369657988),
(185, 490, 'tim', 25, 1369658020),
(186, 490, 'tim', 25, 1369658049),
(187, 490, 'tim', 25, 1369658195),
(188, 490, 'tim', 25, 1369658786),
(189, 490, 'tim', 25, 1369659077),
(190, 30, 'mil', 25, 1369661767),
(191, 30, 'mil', 25, 1369661809),
(192, 30, 'mil', 25, 1369661850),
(193, 30, 'mil', 25, 1369661901),
(194, 750, 'M&aring;nad', 0, 1369666259),
(195, 750, 'M&aring;nad', 0, 1369666416),
(196, 750, 'M&aring;nad', 0, 1369666742),
(197, 5600, 'st', 25, 1370974792);

-- --------------------------------------------------------

--
-- Tabellstruktur `products`
--

CREATE TABLE IF NOT EXISTS `products` (
  `product_id` int(11) NOT NULL AUTO_INCREMENT,
  `product_secret` varchar(10) NOT NULL,
  `product_number` varchar(30) NOT NULL DEFAULT '0',
  `business` int(10) NOT NULL,
  `product` varchar(50) NOT NULL,
  `price` float NOT NULL,
  `status` varchar(20) NOT NULL,
  `description` varchar(2000) NOT NULL,
  `notes` varchar(2000) NOT NULL,
  `date` int(11) NOT NULL,
  PRIMARY KEY (`product_id`),
  KEY `business` (`business`),
  KEY `product_secret` (`product_secret`)
) ENGINE=MyISAM  DEFAULT CHARSET=latin1 AUTO_INCREMENT=102 ;

--
-- Dumpning av Data i tabell `products`
--

INSERT INTO `products` (`product_id`, `product_secret`, `product_number`, `business`, `product`, `price`, `status`, `description`, `notes`, `date`) VALUES
(1, '2ym7in9vld', 'Paket Racing 1', 3, '- Racing 1 - Kuz + f&auml;ste + hf', 81, 'available', '', '', 1358792867),
(2, '7rveuh4axx', 'Paket Motion 1', 3, '- Motion 1 - Kuzmin + f&auml;ste', 41, 'available', '', '', 1358936332),
(3, 'obh909hqx3', 'Paket Motion 2', 3, '- Motion 2 - Kuzmin + f&auml;ste + rill', 42, 'available', '', '', 1358936436),
(4, 'veevlbj10l', 'Paket Racing 2', 3, '- Racing 2 - Kuz + f&auml;ste + hf + pulver', 83, 'available', '', '', 1358936636),
(5, 'rq9bfx7fmc', 'Praparering 1', 3, 'P1 H&ouml;gflour + pulver + f&auml;ste', 91, 'available', 'F&ouml;r er med skidor som redan &auml;r stenslipade eller kuzmin sicklade ', '', 1358936808),
(6, 'p4scn4qk99', 'Preparering 2', 3, 'Kuzminsickling', 7, 'available', '', '', 1358936867),
(7, 'mpbcajdwaz', 'Preparering 3', 3, 'H&ouml;gflour', 8, 'available', '', '', 1358937003),
(8, '3q9y5kzw6g', 'Preparering 4', 3, 'Pulvervallning', 9, 'available', '', '', 1358937070),
(9, 'qd3stz1v8r', 'Preparering 5', 3, 'F&auml;ste', 11, 'available', '', '', 1358937144),
(10, '9zfg3bi3z2', 'Preparering 6', 3, 'Reng&ouml;ring', 12, 'deleted', '', '', 1358937283),
(11, 'srlx12o2pu', 'Paket Motion 1', 1, 'Pkt Motion 1 - Kuzmin + f&auml;ste', 32, 'deleted', '', '', 1359106477),
(12, 'urd2zlz0ar', 'Paket motion 2', 1, 'Pkt Motion 2 - Kuzmin + f&auml;ste + rill', 27, 'deleted', '', '', 1359106563),
(13, 'efy2t9ouc4', 'Paket Raceing 1', 1, 'Pkt Raceing 1 - Kuzmin + f&auml;ste + h&ouml;gflou', 29, 'deleted', '', '', 1359106690),
(14, 'k0ndfr9y1v', 'Paket Raceing 2', 1, 'Pkt Raceing 2 - Kuzmin + f&auml;ste + h&ouml;gflou', 30, 'deleted', '', '', 1359106808),
(15, 'ip125ggtjs', 'Preparering 1', 1, 'H&ouml;gflour + pulver + f&auml;ste', 23, 'deleted', '', 'Anv&auml;nds till redan st&aring;lsicklade eller stenslipade skidor', 1359106881),
(16, 'ja87rnsk17', 'Preparering 2', 1, 'Kuzminsickling', 18, 'deleted', '', '', 1359106920),
(17, 'a7e16rcyog', 'Preparering 3', 1, 'H&ouml;gflour', 19, 'deleted', '', '', 1359107045),
(18, '5yl91a3xh5', 'Preparering 4', 1, 'Pulvervallning', 20, 'deleted', '', '', 1359107136),
(19, 'hfolbhjmwq', 'Preparering 5', 1, 'F&auml;ste', 21, 'deleted', '', '', 1359107175),
(20, '97a1rnsdfc', 'Preparering 6', 1, 'Reng&ouml;ring', 24, 'deleted', '', '', 1359107204),
(21, 'mrb220zar9', '1', 3, '-- V&auml;ljer p&aring; plats --', 80, 'available', '', '', 1359137408),
(22, 'ao1umrq9x1', 'Preparering', 3, 'Reng&ouml;ring', 47, 'available', '', '', 1359214509),
(23, 'yvogae6xq1', 'Elite', 3, '- Elite - Robin Bryntessons valla', 88, 'deleted', 'Elite vallning av Robin Bryntesson. Provk&ouml;rning av skidor och vallningsteknik best&auml;ms efter dagens f&ouml;re.', '', 1360323032),
(24, '9ja2ye15k8', 'Preparering 4', 3, 'P1 H&ouml;gflour + F&auml;ste ', 92, 'available', '', '', 1360484468),
(25, 'blo5dtyikw', '1', 1, 'Webbkonsultation', 93, 'deleted', '', '', 1362069706),
(26, 'dl8dfepjxl', 'Torn 2,4m', 6, 'Drevjaktstorn 2,4m', 94, 'available', '', '', 1362677984),
(27, 'vj428zmph3', 'Kokta Kr&auml;ftor', 1, 'Regular 13/21', 97, 'available', '', '', 1362733888),
(28, '94uanc7ish', 'Kokta Kr&auml;ftor', 1, 'Jumbo 6/10', 98, 'available', '', '', 1362733989),
(29, 'j0acqphwjf', 'Sl&auml;pvagn', 7, 'NXS 319', 99, 'deleted', '', '', 1363002489),
(30, 't8cveqrgfs', 'Sl&auml;pvagn', 7, 'NXS 319', 100, 'deleted', '', '', 1363002806),
(31, 'afgukl6tqi', 'R&ouml;dgran', 2, 'Formklippt R&ouml;dgran 3m', 101, 'available', '', '', 1363168218),
(32, '4fglwumwpb', 'Leasing ', 2, 'Leasing kungsgran 1,75+', 108, 'available', '', '', 1363168300),
(33, '7vcc4gc7e3', 'Kungsgran', 2, 'Kungsgran 3m', 105, 'available', '', '', 1363168861),
(34, 'l72bf63gj8', 'Kungsgran', 2, 'Kungsgran 1,75+', 106, 'available', '', '', 1363169254),
(35, 'x74es2k6gb', 'Leasing', 2, 'Leasing Kungsgran 2,5+', 109, 'available', '', '', 1363169604),
(36, 'e6q01b3b9t', 'R&ouml;dgran', 2, 'Formklippt R&ouml;dgran 1,75+', 110, 'available', '', '', 1363177068),
(37, '9jc207p8uj', 'Hyra Julgran', 2, 'Hyra Julgran', 111, 'available', '', '', 1363183784),
(38, '4wj8zgqw2u', 'Arbetstimmar', 2, 'Uppst&auml;llning av julgran', 115, 'available', '', '', 1363186068),
(39, 'xvbegr03ju', 'Bortforsling', 2, 'Bortforsling av julgran', 113, 'available', '', '', 1363186141),
(40, '63hv43bp69', 'Bortforsling', 2, 'Bortforsling julgran pris/meter', 118, 'available', '', '', 1363187513),
(41, '1mkso53x7h', 'Dr&auml;neringsjobb Aladhari A', 7, 'Dr&auml;neringsjobb Aladhari Arbetstimmar Arturas', 119, 'deleted', '', '', 1363284580),
(42, '46prlbwpm2', 'Dr&auml;neringsjobb Aladhari A', 7, 'Dr&auml;neringsjobb Aladhari Arbetstimmar Marcus', 120, 'deleted', '', '', 1363285347),
(43, '18ikdmya0p', 'Framtagning av offert f&ouml;r', 7, 'Framtagning av offertf&ouml;rslag', 123, 'deleted', '', '', 1363285475),
(44, 'owyj4lzk73', 'Milers&auml;ttning', 7, 'milers&auml;ttning', 124, 'deleted', '', '', 1363293172),
(45, '01zv647civ', 'Utl&auml;gg', 7, 'Diesel', 125, 'deleted', '', '', 1363589661),
(46, 'wd889yebzc', 'Sn&ouml;skottning Rasmus', 7, 'Sn&ouml;skottning Rasmus', 132, 'deleted', '', '', 1363728399),
(47, 'qvgczb0s8a', 'Sn&ouml;skottning Marcus', 7, 'Sn&ouml;skottning Marcus', 131, 'deleted', '', '', 1363728468),
(48, 'gv2hr1clf3', 'K&ouml;p av Gatorn', 7, 'K&ouml;p av gatorn', 128, 'deleted', '', '', 1363728639),
(49, '9e4tqymx4v', 'Boende Arturas', 7, 'Accommodation Arturas 01/05-12 - 31/12-12', 136, 'deleted', '', '', 1363762009),
(50, '5wctcahy4r', 'Boende Tomas', 7, 'Accommodation Tomas 01/05-12 - 31/12-12', 137, 'deleted', '', '', 1363763212),
(51, '7kqq7jctya', 'Thomas Lobinas', 7, 'Loans of car', 135, 'deleted', '', '', 1363768111),
(52, 'gxnytc51ww', ' John deer Gatorn 2011', 7, '&Aring;terbet. utl&auml;gg John deer Gatorn 2011', 140, 'deleted', '', '', 1364365032),
(53, 'zpv4oy5tks', 'Diverse arbetsuppgifter', 7, 'Diverse arbetsuppgifter', 141, 'deleted', '', '', 1366725744),
(54, 'hibken4dxq', 'Utl&auml;gg', 7, 'Utl&auml;gg material', 142, 'deleted', '', '', 1367249860),
(55, 'y0j3xg829r', 'Jaktsege', 7, 'Jaktstege', 143, 'deleted', '', '', 1369646311),
(56, '6aqu6ecgtm', 'H&auml;mtning av plog ', 7, 'H&auml;mtning av plog', 144, 'deleted', '', '', 1369650531),
(57, 'tpqsb3rr0e', 'H&auml;mtning av belysning tra', 7, 'H&auml;mtning av belysning till traktor, 3mil + be', 145, 'deleted', '', '', 1369650897),
(58, 'pob1v0c42c', 'H&auml;mtning av Andeas, skrot', 7, 'H&auml;mtning av Andeas, skrotning bil i Lerbo  1t', 146, 'deleted', '', '', 1369650978),
(59, '0zcskx18g8', 'Foderspridare', 7, 'Foderspridare', 147, 'deleted', '', '', 1369651019),
(60, 'r9hosgx5uw', 'Bl&aring; tunna med lock', 7, 'Bl&aring; tunna med lock', 148, 'deleted', '', '', 1369651176),
(61, 'kt3nec9m72', 'Ljudd&auml;mpare', 7, 'Ljudd&auml;mpare', 149, 'deleted', '', '', 1369651265),
(62, 'jh3drbf2vi', 'Modul till ljudd&auml;mpare', 7, 'Modul till ljudd&auml;mpare', 150, 'deleted', '', '', 1369651324),
(63, 'a1x3pfwedl', 'Laddning av ammunition', 7, 'Laddning av Ammonution', 151, 'deleted', '', '', 1369651378),
(64, '1h7sqb0ts0', 'Handladdningsmaterial', 7, 'Handladdningsmaterial', 152, 'deleted', '', '', 1369651418),
(65, 'f6jr4szw1f', 'Montering + inskjutning av kik', 7, 'Montering + inskjutning av kikarsikte', 153, 'deleted', '', '', 1369651479),
(66, 'vus98i7aym', 'Montering + inskjutning av kik', 7, 'Montering + inskjutning av kikarsikte', 154, 'deleted', '', '', 1369651481),
(67, '1gqnodrgj5', 'Byggnation av uteplats i Oxel&', 7, 'Byggnation av uteplats i Oxel&ouml;sund', 155, 'deleted', '', '', 1369651568),
(68, 'crhmwif7c4', 'Reparation av elverk', 7, 'Reparation av Elverk', 156, 'deleted', '', '', 1369651607),
(69, 'etzo0cgz6l', 'Byggnation av Ramp till till g', 7, 'Byggnation av Ramp till gr&auml;vmaskin', 157, 'deleted', '', '', 1369651686),
(70, 'v3uu2tjdhl', 'Material till byggnation av ra', 7, 'Material till byggnation av ramp', 158, 'deleted', '', '', 1369651737),
(71, 't6pgm97qz9', 'Hyra av sl&auml;pvagn', 7, 'Hyra av sl&auml;pvagn', 159, 'deleted', '', '', 1369651930),
(72, 'dycj2owwm1', 'Reparation av sl&auml;pvagn', 7, 'Reparation av sl&auml;pvagn', 160, 'deleted', '', '', 1369651973),
(73, 'lpjbze2w7g', 'Material till sl&auml;pvagn', 7, 'Material till sl&auml;pvagn', 161, 'deleted', '', '', 1369652016),
(74, 'irax4msc3t', 'Service + reglagemontering + s', 7, 'Service + reglagemontering + sj&ouml;s&auml;ttning', 162, 'deleted', '', '', 1369652077),
(75, 'sfmv29cjzs', 'Material till b&aring;t', 7, 'Material till b&aring;t', 163, 'deleted', '', '', 1369652129),
(76, 'w9lnn187kf', 'Fiskesp&ouml;', 7, 'Fiskesp&ouml;', 164, 'deleted', '', '', 1369652200),
(77, '5468n6idcv', 'D&auml;ckbyte bil', 7, 'D&auml;ckbyte bil', 165, 'deleted', '', '', 1369652264),
(78, 'tc0ldp1hay', 'Vinterd&auml;ck p&aring; f&aum', 7, 'Vinterd&auml;ck p&aring; f&auml;lg', 166, 'deleted', '', '', 1369652344),
(79, '83vd7jhfhi', 'Utk&ouml;rning till N&auml;ver', 7, 'genomg&aring;ng byggprojekt i N&auml;vertorp', 179, 'deleted', '', '', 1369652452),
(80, 'a1ocmj806t', 'Foder &auml;rtor/vete', 7, 'Foder &auml;rtor/vete', 168, 'deleted', '', '', 1369652544),
(81, 'qgz59x11it', 'Inst&auml;llning och p&aring;f', 7, 'Inst&auml;llning och p&aring;fyllning av spridare', 169, 'deleted', '', '', 1369652596),
(82, '51u9pztauc', 'Tankning av gatorn 20l (sn&oum', 7, 'Tankning av gatorn 20l (sn&ouml;r&ouml;jning)', 170, 'deleted', '', '', 1369652800),
(83, '8xut35grzv', 'Lastning gr&auml;vm. + h&auml;', 7, 'Lastning gr&auml;vm. + h&auml;mntning Andreas Lerb', 171, 'deleted', '', '', 1369654521),
(84, 'ggzlua3tb9', 'Mil ers. lastning gr&auml;vm, ', 7, 'Mil ers. lastning gr&auml;vm, h&auml;mtning A. i L', 172, 'deleted', '', '', 1369654594),
(85, 'uokbroenwa', 'Service, reglagemont. sj&ouml;', 7, 'Service, reglagemont. sj&ouml;s&auml;ttning b&arin', 180, 'deleted', '', '', 1369654681),
(86, 'nmkpflzkbe', 'Mil ers. Service, reglagemont.', 7, 'Mil ers. Service, reglagemont. sj&ouml;s&auml;ttni', 174, 'deleted', '', '', 1369654737),
(87, 'nbgwh5dolh', 'Mil ers. h&auml;mtning plog', 7, 'Mil ers. h&auml;mtning plog', 175, 'deleted', '', '', 1369654800),
(88, 'j6sbybp3cy', 'Belysning till Traktor', 7, 'Belysning till Traktor', 176, 'deleted', '', '', 1369654871),
(89, '9rxuuew8lo', 'K&ouml;rning/h&auml;mtning bel', 7, 'K&ouml;rning/h&auml;mtning belysning till traktor', 177, 'deleted', '', '', 1369654946),
(90, 'tuoi24p230', 'mil ers. h&auml;mtning belsysn', 7, 'mil ers. h&auml;mtning belsysning traktor', 178, 'deleted', '', '', 1369654996),
(91, 'v0jfver160', '2012-03-06 Rivningsjobb Marcus', 7, '2012-03-06 Rivningsjobb Marcus', 185, 'deleted', '', '', 1369657783),
(92, 'vciyedo46q', '2012-03-06 Rivningsarbete Rasm', 7, '2012-03-06 Rivningsarbete Rasmus', 186, 'deleted', '', '', 1369657855),
(93, 'urqh3i43gd', '2012-03-07 Rivningsarbete Rasm', 7, '2012-03-07 Rivning/sl&auml;gning material Rasmus', 188, 'deleted', '', '', 1369657921),
(94, 'xoz3j2tngq', '2012-03-08 Rivning/montering b', 7, '2012-03-08 Rivning/montering balk Rasmus', 187, 'deleted', '', '', 1369658195),
(95, '596awhaosq', '2012-03-09 Rivning / sl&auml;n', 7, '2012-03-09 Rivning / sl&auml;ngt material Rasmus', 189, 'deleted', '', '', 1369659077),
(96, 'de17yegmcb', 'mil ers. 2012-03-06 rivningsjo', 7, 'mil ers. 2012-03-06 rivningsjobb', 190, 'deleted', '', '', 1369661767),
(97, 'a6t4kpysdm', 'mil ers. 2012-03-07 rivningsjo', 7, 'mil ers. 2012-03-07 rivningsjobb', 191, 'deleted', '', '', 1369661809),
(98, '7rx4u0qneg', 'mil ers. 2012-03-08 rivningsjo', 7, 'mil ers. 2012-03-08 rivningsjobb', 192, 'deleted', '', '', 1369661850),
(99, 'hld6o2q26m', 'mil ers. 2012-03-09 rivningsjo', 7, 'mil ers. 2012-03-09 rivningsjobb', 193, 'deleted', '', '', 1369661901),
(100, 'tmrj5oe7nf', 'Dr&ouml;jsm&aring;lsr&auml;nta', 7, 'Dr&ouml;jsm&aring;lsr&auml;nta 9,5% 100000kr ', 196, 'deleted', '', '', 1369666259),
(101, '6pqgq7ef50', 'Trof&eacute;', 7, 'Bogmonterad kronhjort', 197, 'available', '', '', 1370974792);

-- --------------------------------------------------------

--
-- Tabellstruktur `user_access`
--

CREATE TABLE IF NOT EXISTS `user_access` (
  `user` int(10) NOT NULL,
  `business` int(10) NOT NULL,
  KEY `user` (`user`)
) ENGINE=InnoDB DEFAULT CHARSET=latin1;

--
-- Dumpning av Data i tabell `user_access`
--

INSERT INTO `user_access` (`user`, `business`) VALUES
(1, 1),
(1, 2),
(1, 3),
(3, 1),
(3, 2),
(3, 3),
(4, 1),
(4, 2),
(4, 3),
(1, 6),
(3, 6),
(3, 7),
(3, 8),
(1, 7),
(1, 8),
(1, 9);
--
-- Databas: `companyadmin`
--
CREATE DATABASE `companyadmin` DEFAULT CHARACTER SET latin1 COLLATE latin1_swedish_ci;
USE `companyadmin`;

-- --------------------------------------------------------

--
-- Tabellstruktur `companies`
--

CREATE TABLE IF NOT EXISTS `companies` (
  `company_id` int(11) NOT NULL AUTO_INCREMENT,
  `company_secret` varchar(10) NOT NULL,
  `company` varchar(30) NOT NULL,
  PRIMARY KEY (`company_id`),
  UNIQUE KEY `company_secret` (`company_secret`)
) ENGINE=MyISAM  DEFAULT CHARSET=latin1 AUTO_INCREMENT=6 ;

--
-- Dumpning av Data i tabell `companies`
--

INSERT INTO `companies` (`company_id`, `company_secret`, `company`) VALUES
(1, 'dfg7586ghf', 'MaRob Aktiviteter AB'),
(2, '328932879f', 'NoviumDesign'),
(4, '134refgjid', 'Ateljé Pennan'),
(3, 'q235ghw5yh', 'KLL'),
(5, '12486sdfvq', 'Logotypica');

-- --------------------------------------------------------

--
-- Tabellstruktur `users`
--

CREATE TABLE IF NOT EXISTS `users` (
  `id` int(11) NOT NULL AUTO_INCREMENT,
  `secret` varchar(10) NOT NULL,
  `mail` varchar(50) NOT NULL,
  `password` varchar(50) NOT NULL,
  `role` varchar(50) NOT NULL,
  `company` int(11) NOT NULL,
  `name` varchar(50) NOT NULL,
  UNIQUE KEY `id` (`id`,`mail`),
  UNIQUE KEY `secret_2` (`secret`),
  KEY `secret` (`secret`)
) ENGINE=MyISAM  DEFAULT CHARSET=latin1 AUTO_INCREMENT=14 ;

--
-- Dumpning av Data i tabell `users`
--

INSERT INTO `users` (`id`, `secret`, `mail`, `password`, `role`, `company`, `name`) VALUES
(1, '143614vv13', 'user1', 'a722c63db8ec8625af6cf71cb8c2d939', 'master', 1, 'Debugger (Novium Design)'),
(3, '431c2543tv', 'rasmus@marob.se', '4742b5e662ec15fb6bc14a41b0f7d016', 'master', 1, 'Rasmus'),
(4, '234t245gt5', 'marcus@marob.se', '49c167d7cd66dc64a474c261860ba50f', 'master', 1, 'Marcus'),
(8, '456grbsdfg', 'godmode', '70b47b4d69f4c312098b57b8ee0c718b', 'god', 5, 'Jesus'),
(6, 'ri04upb6p6', 'emil@noviumdesign.se', 'c02dc1439991b4eca484b0521bf3dc19', 'master', 2, 'Emil Blomquist'),
(7, 'dhydxnte7j', 'anton@noviumdesign.se', 'a00acd3ba6c5ab7f851076695ab0b6a0', 'master', 2, 'Anton Kj&ouml;rck Lind&eacute;n'),
(9, 'j1dw3eo7i2', 'antonlinden1@gmail.com', 'a00acd3ba6c5ab7f851076695ab0b6a0', 'master', 3, 'Anton Kj&ouml;rck Lind&eacute;n'),
(10, 'rujg4tewyt', 'hanna@ateljepennan.se', '756e5041248c3d0bb659b974d7500f04', 'master', 4, 'Hanna Schallinger'),
(11, 'moxxa54cpi', 'hakan@logotypica.se', '6c47dcebd7ee0e138d0b88290f5e0d3d', 'user', 5, 'H&aring;kan Schallinger');

/*!40101 SET CHARACTER_SET_CLIENT=@OLD_CHARACTER_SET_CLIENT */;
/*!40101 SET CHARACTER_SET_RESULTS=@OLD_CHARACTER_SET_RESULTS */;
/*!40101 SET COLLATION_CONNECTION=@OLD_COLLATION_CONNECTION */;
